Unnamed: 0,t[s],q_fl1,qd_fl1,Tau_fl1,q_fl2,qd_fl2,Tau_fl2,q_fl3,qd_fl3,Tau_fl3,q_fr1,qd_fr1,Tau_fr1,q_fr2,qd_fr2,Tau_fr2,q_fr3,qd_fr3,Tau_fr3,q_bl1,qd_bl1,Tau_bl1,q_bl2,qd_bl2,Tau_bl2,q_bl3,qd_bl3,Tau_bl3,q_br1,qd_br1,Tau_br1,q_br2,qd_br2,Tau_br2,q_br3,qd_br3,Tau_br3
0.0,0.0,0.012455722000693,-0.116269572332412,-0.031913487643522,-0.769941967769002,-1.27795658854201,2.2139632740582,1.04711600917801,-0.378276139450865,1.20406359785088,-0.059817440940424,0.108692560816791,0.035727711372981,-0.831108008660451,1.53805353682955,2.16509454612034,1.08594803772937,0.663044725014902,1.21256404221414,-0.13798511504948,0.078614046388479,0.041802206674808,0.526909110635845,-1.33954137899597,-2.11745068467783,-1.24742209370454,-0.62891908667829,-0.919320720857668,0.096784632023389,0.048750698171529,-0.038779882617816,0.527529225202536,1.31811207557615,-2.16501107568878,-1.19124945966269,0.542569012407498,-0.967149896970739
2.0,0.005,0.011765041805808,-0.101743104022616,-0.023030322572652,-0.775910647287873,-1.36527433482768,1.59884744137389,1.04560646792128,-0.441125772860247,0.871804701466917,-0.059525541451421,0.158045378100816,0.026900212163678,-0.824189515874702,1.68985985206438,1.56641430478108,1.08919056761077,0.681262128495279,0.872744725096342,-0.137632702374269,0.086661065720416,0.030362342464843,0.520757772090627,-1.44808978302697,-1.52678677116483,-1.25032709677527,-0.681846559574031,-0.657854262876205,0.09691094814789,0.070421652075137,-0.02926101897458,0.533695351680053,1.41144496276688,-1.56582668819447,-1.18837091050243,0.510402688890289,-0.702167416836312
4.0,0.01,0.011117487225479,-0.088333529207084,-0.01443133384336,-0.782148466901504,-1.44486749592978,1.00849003926908,1.04385618093939,-0.499305207969285,0.551880217214488,-0.059061492627328,0.20316766708446,0.018141134779021,-0.816790190460657,1.82973971760612,0.990518960212735,1.09249086122006,0.698100531670563,0.547591869735333,-0.13725497989255,0.094018729410409,0.01925441644923,0.514262889657023,-1.54881034618525,-0.960677771712075,-1.25338342110986,-0.726655834430499,-0.408999420035898,0.097118046614511,0.090421218405056,-0.019777057304075,0.540133345461467,1.49224208932477,-0.989577416139877,-1.1855588106131,0.48868301900701,-0.445968652820519
6.0,0.015,0.010526738625172,-0.076710397845891,-0.006136379026022,-0.788650849198932,-1.50857586938321,0.445407217118169,1.04189133400636,-0.550468319137294,0.245380116636703,-0.058462161581846,0.2393622676651,0.009451336280367,-0.808931122958992,1.94256385443672,0.439508194414385,1.09585017673258,0.711981587907622,0.238803674569347,-0.136853115072608,0.099920888347727,0.008498541283488,0.50743462446171,-1.63044602817832,-0.421771021963954,-1.25658723397574,-0.7605547163576,-0.174604628545742,0.097388188693513,0.1070527647216,-0.010328196268203,0.546838919186469,1.55446376315893,-0.438397558946452,-1.18282063240883,0.475650770558868,-0.199201415221344
8.0,0.02,0.010006476370355,-0.067543259899115,0.001834684308989,-0.795413216769193,-1.54823925272287,-0.087884875704462,1.03973811289624,-0.592268980723585,-0.046605628723323,-0.057764415428674,0.261932019740113,0.000831673729076,-0.800633403910385,2.01320298353812,-0.084518310614904,1.0992697723237,0.721326950573324,-0.051921661963379,-0.136428275382726,0.103601393421635,-0.001885170376866,0.500283137631362,-1.68173978871372,0.087286142435152,-1.2599347026403,-0.780751010465242,0.043481675385265,0.097703635655155,0.118619658585083,-0.000914634528864,0.553807785494749,1.59207029217848,0.085578583964356,-1.18016384830376,0.469546711347064,0.037486485663228
10.0,0.025,0.009568329661339,-0.061422156018517,0.009461998591296,-0.802444026506931,-1.55711455684312,-0.588870089824421,1.03741083174777,-0.622815521806641,-0.322987047322478,-0.056989638422465,0.267022046458007,-0.007716995813494,-0.791893403912438,2.02931663765355,-0.579460872876062,1.10275275441078,0.724857470468247,-0.322885941424612,-0.135980264692294,0.104436231145651,-0.011876605876312,0.492802590123506,-1.69356157142462,0.563846385840856,-1.26343283763632,-0.784484068466593,0.243411055548128,0.098053379010012,0.12370627199163,0.008463429252042,0.561052688982949,1.59984554413871,0.580216713171092,-1.17760267606781,0.469876109284833,0.263447239535212
12.0,0.03,0.009185873089487,-0.057330383755094,0.016725706250525,-0.809915710630902,-1.55352933524519,-1.05503227586732,1.03475364503488,-0.648000240926187,-0.582674167617646,-0.055934727224181,0.265533989925163,-0.016193815285985,-0.782384779721357,2.02702347557381,-1.04321981037002,1.10632367802224,0.726450587854517,-0.572390965376119,-0.135491081512788,0.104266508860324,-0.021455652559332,0.484781562716808,-1.69347395554957,1.00526237260878,-1.26722508432086,-0.772018933565551,0.423335075733849,0.098525611900113,0.125942541067304,0.017805796412614,0.568799039984306,1.58836959193004,1.04338252925231,-1.17522688962609,0.493295154651614,0.478033036096623
14.0,0.035,0.008841733147286,-0.054299043553932,0.023557267275318,-0.817763944507079,-1.54674696911789,-1.48031787420846,1.03177842892262,-0.670219342103238,-0.822076118416478,-0.05460940851706,0.262649115799965,-0.024439136553245,-0.772203197172809,2.02258112330811,-1.46958047741577,1.1099693756189,0.727755459718331,-0.797563351410537,-0.134965994309319,0.103910347880651,-0.030512392376882,0.476289379996394,-1.69327845419916,1.40603641222403,-1.2712579834629,-0.749100350205394,0.581673137288903,0.09911974048608,0.12733191639842,0.02693898736683,0.576959191454635,1.56577837329388,1.46875552890401,-1.17298232121565,0.536353761535124,0.678099552391094
16.0,0.04,0.008529105072495,-0.051729044688331,0.029877435204083,-0.825833666351261,-1.53835939811478,-1.86014077525937,1.02857339986858,-0.689331353109453,-1.03719816819424,-0.05312219364993,0.258945253250061,-0.032124670114643,-0.76161285516653,2.01688404095675,-1.85230445006725,1.1136632672761,0.728760182465319,-0.997821302446745,-0.134419566983764,0.103401451731433,-0.038882596204478,0.467505449941089,-1.69297864648212,1.76315016375017,-1.27540259850426,-0.72204964454857,0.720999383303874,0.099792720643391,0.128379129397505,0.035503951347231,0.585326444955512,1.53612095933688,1.84998739258654,-1.17076502848326,0.58717565058886,0.859178232018048
18.0,0.045,0.008241184102872,-0.04902129643159,0.035853976701727,-0.833969814379244,-1.52995856188946,-2.21033855239879,1.02522677433037,-0.70519480171649,-1.23689615917068,-0.051581593971622,0.2550002314431,-0.039580436719624,-0.750877952602255,2.01082668862005,-2.20700379077954,1.11737877306918,0.729452852501115,-1.18135661332735,-0.133866363437998,0.102773523937473,-0.046819610477665,0.458609180529719,-1.69257811150716,2.09147167800654,-1.27952999288676,-0.69718814275753,0.84704354441162,0.10050150824752,0.129588911477091,0.043858320653756,0.593694102048515,1.50344642116568,2.20295457607744,-1.16847106907566,0.633884542466316,1.02861329952699
20.0,0.05,0.007971165476175,-0.045576708057008,0.041669582627704,-0.842017326806825,-1.5231364000955,-2.54791811114677,1.02182676876558,-0.717668215696008,-1.43079814044338,-0.050096120830963,0.25139187954673,-0.047180080705931,-0.740262688379717,2.00530352639833,-2.55058537124169,1.12108931307349,0.729821566231349,-1.35681775926626,-0.133320947573899,0.102060268023572,-0.05460300587518,0.449779979741112,-1.69208042838299,2.40686025842447,-1.28351123005222,-0.680837170994722,0.965608100447562,0.101203059173946,0.131465994049706,0.052407273604846,0.601855464295219,1.47180382988693,2.54485062363323,-1.16599650063962,0.664604157820992,1.19448500692435
22.0,0.055,0.007708361664569,-0.040702909033447,0.047506943841467,-0.849846058019302,-1.51924534075416,-2.88988635702337,1.01843987692942,-0.726889475658977,-1.62853216110991,-0.04875595327669,0.248655916528391,-0.055297246411305,-0.72998673690189,2.00115177366155,-2.89995606314276,1.1247754246108,0.72970697730547,-1.53285321547739,-0.132794814915164,0.101269756113307,-0.062512353075761,0.44116339328172,-1.69126092192351,2.72517520843528,-1.28723367435154,-0.677793131103489,1.08249553124712,0.101857675299441,0.135281841635516,0.061555988518941,0.60964204442595,1.444970188037,2.89286907951039,-1.16322980781035,0.669954867301282,1.36487360621656
24.0,0.06,0.007422710572941,-0.033424795989965,0.053548751202472,-0.857582760414392,-1.51698404475994,-3.25325019554865,1.01493909492228,-0.735167584984885,-1.83972627026785,-0.047466098780575,0.246666851498089,-0.06430557817349,-0.719819965681146,1.99823111429391,-3.27202273817181,1.12847852684637,0.727793029154883,-1.71811145717464,-0.132271018994631,0.100182793787967,-0.070827222758146,0.432578066430982,-1.68804512416156,3.06227583147032,-1.29077445467424,-0.67829622728592,1.20350831664572,0.102475907607896,0.147252231556219,0.07170964371448,0.617259362067778,1.42225153053205,3.26420348796544,-1.16007674309864,0.665066746337075,1.54785934941007
26.0,0.065,0.007133913489969,-0.02430419921921,0.060087770846011,-0.865282552108563,-1.51539544018908,-3.66234232347151,1.01131681230998,-0.742683381904307,-2.07858050569182,-0.046191451894603,0.244996053501329,-0.074898848815912,-0.709677557816387,1.99584203270987,-3.6914986608389,1.13219621982458,0.723866754056308,-1.92460273414065,-0.131747403847959,0.098723022079931,-0.079998615473105,0.423981547121618,-1.68195581016302,3.44055118164647,-1.29420436971652,-0.679150473036196,1.33626428338809,0.103088116255301,0.165855835306349,0.083640224950513,0.624765767294328,1.40062355984534,3.68393523173813,-1.15664299029614,0.6555900189654,1.75580171463569
28.0,0.07,0.006872438086867,-0.014194749568581,0.068232051886347,-0.872955511803763,-1.51392197396482,-4.19303336782094,1.00761021384132,-0.748984088165786,-2.39218292763227,-0.044930742591542,0.243249824886222,-0.090320252675275,-0.699556860944139,1.99331821259866,-4.23887183447115,1.13591097043616,0.718047650531438,-2.18734628566461,-0.131227939551887,0.096867127656744,-0.091756681781544,0.415396627972176,-1.67301971960235,3.9278047050986,-1.29756868762431,-0.680128015685295,1.50001271933004,0.103721470324567,0.187648169634731,0.101056855432116,0.632146915562495,1.37725158119101,4.23347494858616,-1.15306522006205,0.642438371042616,2.03253718698477
30.0,0.075,0.006668752034845,-0.003950077885473,0.077352061488609,-0.880611718201943,-1.51200609301039,-4.7999346091795,1.00385648426511,-0.753616925517868,-2.75343807417333,-0.043682700844157,0.241034468000881,-0.109127906160484,-0.689455222700927,1.98999333764947,-4.86718268768944,1.13960524557185,0.710455217101969,-2.48439127887895,-0.130716596183155,0.094591797185952,-0.105144972050156,0.406846101601201,-1.661263592154,4.48267639223357,-1.30091267654354,-0.681001002564192,1.68160122500195,0.104403138898606,0.209184751290192,0.12233342294903,0.639388462329174,1.34930089978317,4.86539945461376,-1.14948010305555,0.626525488425078,2.35390389848511
32.0,0.08,0.006553323005116,0.005576184982717,0.086343785711749,-0.888261250005053,-1.50909024424905,-5.40544519608681,1.00009280833016,-0.756129115709097,-3.11531566500443,-0.042446056625215,0.237956285193415,-0.128541574833978,-0.679369990723276,1.98520109155151,-5.4953456992619,1.14326151212237,0.701208952289595,-2.77885535330976,-0.130217343818503,0.091873717335099,-0.118470285316695,0.39835276062724,-1.64671416749243,5.03497240514211,-1.30428160462016,-0.681541581003864,1.85962953962971,0.105160291060329,0.22702109702156,0.144314038695146,0.646476063051262,1.31393682083596,5.49779718913011,-1.14602430993585,0.608765056969147,2.67724362685506
34.0,0.085,0.00654050056732,0.014021442415018,0.094103210614722,-0.895994106626394,-1.49288064003378,-5.93196427708246,0.996280768493373,-0.751705951917758,-3.43078541981498,-0.041188726930941,0.230287446526737,-0.145781024258197,-0.669040373051954,1.94766598910192,-6.0422753479567,1.14695792162865,0.680179697829342,-3.03385614848314,-0.129724662317279,0.087813407845705,-0.130039420618913,0.389722750211254,-1.60498026873737,5.51449890591496,-1.30780693335657,-0.670037627178653,2.0126974024392,0.106026414904364,0.238357909037891,0.163842813864352,0.653509798010733,1.25758650295736,6.04875659144438,-1.14276430032841,0.589015448875848,2.95989814981297
36.0,0.09,0.00655788456744,0.023244181951515,0.09952632225648,-0.904134840631062,-1.40929473785564,-6.30189100070606,0.992120639405063,-0.718243442277797,-3.65281705829439,-0.039785873095644,0.202723393189669,-0.158066019995579,-0.65742293911167,1.73621902812111,-6.42688611254197,1.15107853244711,0.60064518566124,-3.21251130392519,-0.129200608526795,0.078497987601105,-0.138159176994564,0.380084115786035,-1.42428782874841,5.85106205664287,-1.31184422065551,-0.5934435666147,2.11940455265632,0.10704147861796,0.245476309084961,0.177763859650539,0.660953158302623,1.13161732468612,6.43636610086575,-1.1394370155106,0.561917179007001,3.15920924507721
38.0,0.095,0.006592052514046,0.032668837909995,0.101437400224305,-0.912419990704723,-1.27949919940719,-6.4328786197953,0.987809352696197,-0.658948376420462,-3.7316196375622,-0.03833584828759,0.161782802866551,-0.162491445750376,-0.645335664165833,1.40458089778961,-6.56324432013107,1.15534132135563,0.481441645248269,-3.27553263517313,-0.128670155693754,0.065792984126799,-0.141034951482495,0.37009498883652,-1.14875975276408,5.97007043559021,-1.31607123768939,-0.47167978851385,2.15677750813793,0.108180725714783,0.250726554053416,0.182780977587345,0.668469458655464,0.961044673044516,6.57385399755525,-1.13610939717912,0.526670396621455,3.23012265375696
40.0,0.1,0.006642652022213,0.041278482096934,0.020428714093713,-0.920501259665205,-1.13636657800233,-1.06802452418837,0.983620054388102,-0.581198182609309,-0.609079856294226,-0.036969475579621,0.117340072057062,-0.02063197284439,-0.633867974201436,1.03690968412755,-1.08101094982799,1.15936526498016,0.351617111668692,-0.558317210808947,-0.128167882874082,0.052448715094721,-0.026356058629947,0.360639142970015,-0.846828782539843,1.00061696201242,-1.32007130548382,-0.336076016055424,0.382620842254905,0.109411456609856,0.256100376230811,0.023364739186096,0.675603377444193,0.781919451640534,1.07748108738695,-1.13291027362613,0.483378307337277,0.518233892724128
42.0,0.105,0.006709330707017,0.048056186318806,-0.002490958294077,-0.928030350330337,-1.01276942695499,0.023526239937484,0.979825890502103,-0.492370289107893,0.011506879812925,-0.035817578044579,0.079269597260878,-0.000326941804248,-0.624109295205472,0.717363473155039,0.021278741425673,1.16276933994665,0.240219620000772,0.010811663117491,-0.127728369123705,0.041215498176807,0.002716787500594,0.352600351793825,-0.586927659831183,-0.019415516635321,-1.32342774506443,-0.217961972418743,-0.007229504969471,0.110700971718197,0.263589507904702,0.000161010673355,0.681899593043746,0.630292564082174,-0.021005512485886,-1.12996847314383,0.432144116772534,-0.008550508153355
44.0,0.11,0.006791736183533,0.051985022382087,0.036851627704284,-0.934658965517948,-0.941580299579086,-4.34337206112134,0.976700007059527,-0.399842124179772,-2.59106820245667,-0.035010978755307,0.057445774977679,-0.151157528819237,-0.617149053164934,0.530100350892195,-4.49546852942798,1.16517252288107,0.176297205322774,-2.13371043404792,-0.127386193498548,0.034843651044991,-0.066914501600085,0.346862388915257,-0.43748912639357,3.98873274775069,-1.32572387745683,-0.148667380783127,1.31760307279914,0.112016571454827,0.275185681362647,0.16806500782421,0.68690278382906,0.54221491397743,4.53485047311342,-1.12741282402439,0.373071030545292,2.30211102929265
46.0,0.115,0.006957744050447,0.05276330751336,0.011300285187188,-0.93992470097989,-0.973354473513811,-0.968786319795836,0.974412995036808,-0.279406771558812,-0.574785780182047,-0.034634793667421,0.070338617078077,-0.032045501709213,-0.613643123173183,0.507479991284814,-0.998641980758249,1.16634321072286,0.180644848031987,-0.474730340973273,-0.127182435262746,0.057434408110902,-0.018091382143335,0.343960847294099,-0.423866205936504,0.886548162953287,-1.3267426623942,-0.140319397318998,0.2936956046869,0.113347090961125,0.31765456800366,0.035911736057799,0.690206941752542,0.530320750385933,1.0071983667089,-1.12532951615227,0.275999809758251,0.508998500225631
48.0,0.12,0.007258182522117,0.053468226837195,-0.00911737544872,-0.944572757080681,-1.06239080196837,1.68902476911593,0.972852866868218,-0.194383921088777,1.01072695555662,-0.034353079750899,0.092881050836039,0.06149971490226,-0.611289761325361,0.505331012061829,1.75121721413071,1.16715283683086,0.195360030541927,0.8299330442774,-0.126987976114473,0.092663122712392,0.020784568149963,0.342004645614492,-0.423883342403762,-1.55301699301259,-1.327387914673,-0.13988181028107,-0.511581651584666,0.114855859395943,0.365341350986334,-0.067898450193264,0.692722845248016,0.530475342567797,-1.76688490135538,-1.12379922016281,0.19688413504935,-0.900875118090666
50.0,0.125,0.007519874886415,0.064834276205468,-0.008736234337332,-0.949900025779149,-1.09788832289521,1.27338902429354,0.97193353726447,-0.260504552690308,0.723189666785174,-0.033860492172352,0.07461894889209,0.043509676083641,-0.60874071089971,0.510590006621838,1.25338001594024,1.16819600188893,0.144666573692762,0.594229209214169,-0.126483132240736,0.067410761405781,0.019620703118964,0.339863395438308,-0.425708497359749,-1.11176701347573,-1.32808736762486,-0.150302548175067,-0.366533262370497,0.116735238773595,0.344841745692622,-0.048133537722681,0.695352038144375,0.600255417768328,-1.2646308095581,-1.12282699133064,0.201439244224717,-0.643992823063703
52.0,0.13,0.007829065830651,0.11664304856699,-0.00770867302231,-0.955364579523606,-1.27162884910996,0.472747208147081,0.970581696572722,-0.173545697150458,0.180028340035869,-0.033496126869088,0.693443383418076,0.009526280765617,-0.606338571475776,1.12558457163106,0.312959682182304,1.16900249316276,-0.092586446803287,0.148981887310788,-0.12614017939303,0.614360275145283,0.016500860217022,0.337767773001575,-0.524952987036619,-0.27824060256264,-1.32896462236794,0.317562612512314,-0.092535145934747,0.118496230366183,0.368595810308906,-0.010797385161477,0.69830119066299,0.765420902920407,-0.315866911729426,-1.12165511015285,-0.00851991231114,-0.158739140727705
54.0,0.135,0.008243518483012,0.167771145079895,-0.005846671806693,-0.961301455378615,-1.42989903557128,-0.535284366203371,0.969498250912121,-0.056209784341403,-0.48305537490058,-0.032899058121335,1.45608377714046,-0.031960170687929,-0.603172537650011,1.86310415600555,-0.835092246039382,1.16930536998423,-0.307656795518405,-0.394569786443527,-0.125614718411615,1.28795026237293,0.010872368798597,0.335444230622591,-0.64029471345742,0.739316726773873,-1.32936417029178,0.896558062287564,0.241957904259276,0.120272961465147,0.39684694932049,0.034782065220019,0.701724590951051,0.886641999688535,0.842370722262113,-1.12105181297429,-0.265526355831886,0.433651735654507
56.0,0.14,0.008863562506402,0.172632672644904,-0.002962210993518,-0.968972674383096,-1.32025770192819,-1.57308938563774,0.969142189960468,-0.101271946588636,-1.13035982823346,-0.027958208842018,1.29869788498707,-0.072459377913118,-0.595179969834988,1.48287100462644,-1.9558242276211,1.16831909354838,-0.161494664090965,-0.925186677059562,-0.121237322399805,1.09258803183211,0.002182558218151,0.331997549129698,-0.523304460261596,1.73265946158099,-1.3270752696002,0.860316638961751,0.568491094748263,0.122581009671085,0.267250038705969,0.079276871151477,0.70575065015341,0.884439586324428,1.97304602254801,-1.12189938943906,-0.169268569346224,1.01194561282011
58.0,0.145,0.009655053959772,0.176229759850063,0.001132729114178,-0.977837759800053,-1.10077113424846,-2.46305153703593,0.968948589480996,-0.194090664368931,-1.62618337017204,-0.018863790722181,0.987338820311473,-0.103481040546066,-0.583219315932588,0.737068997993729,-2.81428472145912,1.16638457799579,0.125192623740002,-1.3316296495481,-0.113180324060068,0.709398025834136,-0.010121242169855,0.32776928784817,-0.293537650633381,2.49354208890588,-1.32243385715254,0.786052920053474,0.818609632068904,0.125242790104703,0.01305432841836,0.113359090362565,0.71021318037209,0.87879853952723,2.83912291925975,-1.12356185423444,0.027990019767763,1.45490829750628
60.0,0.15,0.010560139234074,0.178718721328064,0.006626168213358,-0.986784848074336,-0.826757737288629,-3.0275545072779,0.968815650127517,-0.315203551471542,-1.83482435092563,-0.008072158175672,0.606060004720903,-0.116534858222893,-0.569941286058594,-0.163185849983625,-3.17552218644976,1.16404943141639,0.471251790151459,-1.50265956891992,-0.103619814116204,0.246850784705521,-0.026591703010959,0.323455520801827,-0.015576606669678,2.81371909579575,-1.31652035329847,0.689903720077866,0.923858722757893,0.127873757877203,-0.293784374731129,0.127700780582956,0.714925763063809,0.86928517769007,3.20356534252883,-1.1255686093495,0.283406069481586,1.64130559645021
62.0,0.155,0.011520964720261,0.180255871711598,1.66459339465452,-0.994702075650793,-0.553535915805218,-3.24772306870701,0.96864157255384,-0.445148221685722,-1.7034785231665,0.001960334383664,0.238914859822592,0.736931536251362,-0.557996590328792,-1.00677752539667,-2.91491279673587,1.16186126190008,0.795529557320367,-1.11360097135381,-0.094731883292013,-0.186583151227234,-1.56781820731997,0.319752322014491,0.245996349532609,2.39488004052816,-1.31041517838768,0.58800585355006,0.51957692311835,0.130089368099783,-0.581310263931288,-0.458432965114145,0.719701979685287,0.855465819206077,3.09972657528264,-1.12744905677332,0.554136237766754,1.31862655097942
64.0,0.16,0.012479676809284,0.180997525633357,2.4176644894622,-1.00047757897427,-0.336424074554756,-3.65451253499688,0.968324557413778,-0.564462288800725,-0.54291825062166,0.008777332541978,-0.030043192776233,-1.283345998358,-0.550035938858964,-1.58259001433645,-0.708622090310114,1.16036767753677,1.01687264742369,1.50537786183097,-0.088692622311292,-0.482433241637632,-2.86040983574624,0.317355765509984,0.426598895876581,-0.902605392956939,-1.30519875276986,0.496496134985189,-2.39150730359966,0.131505075883645,-0.777567532370911,2.00259742234438,0.724355411693242,0.83690678246838,1.79728364398351,-1.12873259849497,0.797337182594781,-0.869574593333497
66.0,0.165,0.013403391140597,0.170644297882381,1.55461820607941,-1.00315256685002,-0.227281036068172,-4.57114929356048,0.967466751397742,-0.659296496454707,4.3297456342404,0.010255129850261,-0.129406941510114,-15.6375470036333,-0.549402878982596,-1.69212742043963,8.41672322244641,1.16081212800202,1.0328258271908,11.3682789439093,-0.087697076714924,-0.542623502624551,-3.27375677658559,0.317129827495357,0.471522464480868,-14.1793304735611,-1.30186366791547,0.427536626891766,-13.6938353553558,0.1312649058028,-0.815113300296537,18.0860799703162,0.728739506389168,0.805593874435136,-4.24257402987699,-1.12845456532858,0.980738931371568,-9.13731671105097
68.0,0.17,0.014342286066999,0.099291291843529,1.15075263577384,-1.00431608987465,-0.174101342455201,-4.58578347370665,0.963829495318248,-0.737791660472687,4.31561519455168,0.009580701622492,-0.160381887112222,-15.7890536251307,-0.559713051356164,-1.44880821922868,8.39141455142598,1.16730896820051,0.628317699812744,11.3474910244324,-0.091009222688647,-0.447747005525771,-3.15045171697949,0.319943170086992,0.474288829906945,-14.154625670619,-1.2996864226276,0.373975609581526,-13.6822019920988,0.126321202128656,-0.714654574662284,18.2318520526303,0.732905258381526,0.657233053123942,-4.2252541933759,-1.12295111956277,1.12330761466928,-9.11221143570108
70.00000000000001,0.17500000000000002,0.014825074120686002,0.8157944613136094,0.8144195860519562,-1.00535621842682,0.008888464697574322,-4.461981916353699,0.959375702369811,0.42817803184970554,3.2666132688961924,0.008712354322734995,-0.09322020685797336,-13.327662485187282,-0.567726936231651,-0.8250783567562008,6.432830234028437,1.17104923579324,-0.5819799314394986,9.267020612724716,-0.09374185017537501,0.18429540533715805,-2.6577707762938765,0.322207507325326,0.9575759012296603,-11.352858221730381,-1.29789962566704,0.8698210143255665,-11.336196780813484,0.12194536691666497,0.4149657197142834,15.389037317400481,0.736850435959356,-0.6751907996557219,-2.9178810400439206,-1.11618925405614,-0.6232798972073318,-7.3406411594004775
72.0,0.18,0.015858897186665,1.24590019320816,0.523509571381684,-1.00564723348972,0.139483748967134,-4.28522244678981,0.95815721226833,1.13927926982929,1.76888555112811,0.008138540544248,-0.029832683664918,-9.81337557645892,-0.573016569373004,-0.543673334387846,3.63643306066845,1.17169323865433,-1.13991333521413,6.29659879994885,-0.094417300914075,0.521860218695031,-1.95433841565277,0.325272539009655,1.24833207146871,-7.35259409989037,-1.29540657969604,1.17080076097306,-7.98665380568989,0.120932444358034,1.04443268730005,11.3301673369924,0.737640028149115,-1.40489525155064,-1.05126005363571,-1.11433093180326,-1.68684469356866,-4.81125599632607
74.0,0.185,0.020840167235705,1.09743410606675,0.288662589488469,-1.0054233755376,0.19011732682629,-4.09410150950769,0.962058961311572,1.02820587468719,0.149469482956597,0.00780429280051,-0.003604455561621,-6.01355761178876,-0.576498779278061,-0.545523341018748,0.61283240094573,1.16779880263769,-1.03790144664591,3.08483423434089,-0.092598189868183,0.480962883644235,-1.1937531275661,0.330542439731895,1.18798363642892,-3.02731393114818,-1.29048615156718,1.10390077454015,-4.36496499630504,0.124938580963531,0.900633390866802,6.94151966297664,0.732932914013821,-1.27744356857969,0.967021362081343,-1.12038866523971,-1.49923247327922,-2.07636171141466
76.0,0.19,0.028854028098282,0.841550322259445,0.12051863809777,-1.00497948831942,0.226219875949015,-3.92721554900008,0.968903087856903,0.836903104234509,-1.26459749390914,0.007523047829863,0.01770988720404,-2.69557330402025,-0.579266358871129,-0.549536045709331,-2.02736237553992,1.16096556430437,-0.859881574770264,0.280335564137049,-0.089418112464378,0.406954821732376,-0.529613404543812,0.337387372702212,1.0824044062518,0.74950165844669,-1.28383282086604,0.984365140806625,-1.20252228223602,0.131838388342814,0.652966487720152,3.10937184692382,0.724645049124412,-1.05793231640263,2.72937580333976,-1.13093087938971,-1.1760372238378,0.311735930396848
78.0,0.195,0.037952383865616,0.546668926151259,0.029717714935046,-1.00435372741741,0.253374770828992,-3.82316100975969,0.977025160582974,0.616708868988544,-2.1462779377599,0.00730170317281,0.033947452935436,-0.626787365996794,-0.581615259298188,-0.55578163656322,-3.6735418991887,1.15285266366392,-0.650401677349895,-1.46828856242648,-0.085665231645567,0.314741529708378,-0.115517739095846,0.344934986885362,0.957650565207335,3.10437204284478,-1.27646516493376,0.838285920408285,0.7692824069401,0.139780237829,0.367895737280588,0.720001440404552,0.714749677474232,-0.805269418805082,3.82821586637208,-1.14327965007961,-0.803895781907525,1.80073116417158
80.0,0.2,0.046187138628925,0.281210002107212,0.814576632217189,-1.00358424841376,0.277165385959906,-4.00827478831637,0.984760748168437,0.418961079466594,-1.78722260514142,0.007147156369853,0.044945349935942,-0.940733796253383,-0.58384143170522,-0.564330301684039,-3.13213707599224,1.14511924072588,-0.454009712147498,-0.764740461119125,-0.08212771035466,0.219228504321168,-0.891551588141712,0.352312931246101,0.839778297565529,2.23691418026919,-1.26940176111148,0.691755173980938,-0.041522665174884,0.146912500755208,0.111884898968597,1.26867707775753,0.705220043056628,-0.578362799572681,3.38501161270437,-1.15475705313576,-0.469444984151512,1.08593091883818
82.00000000000001,0.20500000000000002,0.05161019647943002,0.11359363449231649,3.930246035185788,-1.00270920689067,0.30317509583543917,-5.002506911626904,0.990445419291942,0.2949976461859556,0.08636513057864713,0.007066304961494,0.05054068650892902,-3.7265728540435,-0.586240827238207,-0.5752522291754141,-0.14895819474300276,1.13942443549979,-0.3152536369257635,3.10819487176586,-0.07959371153456199,0.13532124231967058,-4.179856498978739,0.35864885474918506,0.7548437875963777,-2.550597797279462,-1.26366118674034,0.5708649621603864,-4.553398928538172,0.151383548454554,-0.048602267795339486,5.218357986308684,0.698029389864944,-0.43612038249105356,1.0894355917278054,-1.16268516438449,-0.25932166723287436,-2.6616783193463203
84.0,0.21,0.052940502704241,0.086527054428172,4.31520765372946,-1.00160037162489,0.339045868033408,-5.64502758054384,0.992834829641812,0.276966684984538,0.156606816114054,0.007135770136227,0.046406466111975,-4.60182336326259,-0.589032484808389,-0.598195312455337,-0.135396027276212,1.13700004145386,-0.263271914327404,3.61793392238254,-0.078603274406274,0.074431552487658,-4.59125387591087,0.3631788650765,0.721342608956817,-2.97143072607217,-1.26007681759804,0.493601479560076,-5.29319854647732,0.151937905929165,-0.069960801686897,6.31053786754723,0.69470021934622,-0.422614452668788,1.12086603388433,-1.16519515883361,-0.227588611007479,-3.13986258717478
86.0,0.215,0.053326253020007,0.085270055951216,4.38609370856815,-0.99982704310745,0.367554014159725,-6.19187337172009,0.994100986460223,0.277631362535056,0.181090325119523,0.007440963708991,0.026961459156594,-5.33082328064756,-0.592011961626907,-0.650031756702873,-0.214694243677456,1.13572615257807,-0.244175177117878,3.9019953749717,-0.078180768496701,0.025868837036922,-4.66841444268732,0.366712615366364,0.705768853689367,-3.17632700568579,-1.25760364419193,0.444624303876419,-5.73721446622646,0.151497853937432,-0.058718752292719,7.16029692148186,0.692772753976588,-0.44361735292076,1.22665440777102,-1.16621400865073,-0.226858209250867,-3.40711738333263
88.0,0.22,0.053748022591625,0.100606982131916,4.31802542810503,-0.997933416849867,0.311247062633425,-6.6818201624693,0.995519197853969,0.257585519668652,0.215442035365456,0.007594215890013,0.015895056507505,-6.25610444589272,-0.595255905781126,-0.681308810267154,-0.289314164020918,1.13449261243011,-0.254721349774688,4.18815923891759,-0.078010060780773,-0.013421674858416,-4.60906818834942,0.370294843150228,0.695834024561734,-3.38330473809245,-1.25532595339508,0.424694394746229,-6.19048719137245,0.151184655794075,-0.042672902645931,8.18806702238924,0.690511565921106,-0.411140768678803,1.28983555613604,-1.16744129219299,-0.141155298254654,-3.68143498055505
90.0,0.225,0.054234858476601,0.102591122867583,4.13888191882623,-0.996276573461689,0.290756909498889,-7.12777365585471,0.996847361246601,0.254122319632675,0.248843134892579,0.007683452195496,0.005005449838824,-7.23640605808813,-0.598664588243541,-0.715004925194109,-0.370613639060275,1.1332262044428,-0.256000902445653,4.44063958970005,-0.07802595289554,-0.041274657085424,-4.43455893612253,0.37382283972436,0.682979968487932,-3.56355198932285,-1.25317312248199,0.431308855474861,-6.60157715174231,0.150950431983782,-0.040610810322535,9.25066945632207,0.688386315441409,-0.406522048752698,1.34232734364332,-1.1682185145102,-0.150881307357424,-3.92449834258063
92.0,0.23,0.05477161898917,0.093594810080833,3.97905723197965,-0.994831710711735,0.28892350566669,-7.49876612048155,0.998110904339397,0.259109115257907,0.278660244836181,0.007723338312769,-0.004784029972459,-8.07044611734604,-0.602236963785924,-0.757395646543292,-0.460001368812658,1.13192038414308,-0.247910557689881,4.63766701708057,-0.07820843952447,-0.06495966910652,-4.27626116540769,0.377299351942656,0.672454681171826,-3.69062326827783,-1.25103060104691,0.469161390444467,-6.93438317458467,0.150757060758418,-0.046398937677362,10.1498231263222,0.686367255736488,-0.420764619157268,1.38327648340108,-1.16880899995361,-0.225565484482228,-4.12891246287856
94.00000000000001,0.23500000000000001,0.055254340907375,0.08543500248048595,3.970923121157309,-0.993372990371546,0.290870816666552,-7.7321293826523405,0.999424231350325,0.253931415217081,0.3011033425094051,0.007704206293933,-0.009458623292401028,-8.640320597384202,-0.605995387086107,-0.8215410009532614,-0.5548907961305806,1.13065200844719,-0.23123834680957692,4.744445159767251,-0.078504424551683,-0.1047560883621642,-4.2723466422157195,0.380698378051946,0.673128834914982,-3.7404808365124502,-1.24870458688305,0.5190927202155702,-7.128982092360051,0.150531312544567,-0.05481382520510206,10.735590702999502,0.684248286960916,-0.42792473772234707,1.4068735971747,-1.16994997650048,-0.22171161535040498,-4.267116493018811
96.0,0.24,0.055695332591394,0.079008822683821,4.59136118389921,-0.991928051157022,0.307743885409841,-8.3376693330601,1.00070851172919,0.256606975789978,0.325956659356603,0.007666923326898,-0.027623781127376,-8.65582311673318,-0.610058155611281,-0.919729584497975,-0.733743565885314,1.12947722780448,-0.237796706830928,5.04801374895501,-0.07897044303466,-0.126358628727605,-4.91992471683768,0.38405749492122,0.69878306070809,-3.90668777239008,-1.24614983052127,0.524151011696509,-7.6239520673798,0.150267864931265,-0.075471533116052,10.9924025976335,0.682092205048854,-0.426902518678599,1.51808776001833,-1.17110383273251,-0.214417551224637,-4.6334326351983
98.0,0.245,0.056101094305675,0.079204552144489,6.14282315556755,-0.990402372046193,0.406230985654726,-9.16685793162089,1.0019929553399,0.294587278618136,0.349996312231233,0.007580360279082,-0.093374443665294,-8.47871039650087,-0.614549351099802,-1.04091644077755,-0.941146548882307,1.12830331191953,-0.301296150726492,5.48451758212616,-0.079613184862745,-0.12638610851699,-6.53798938800565,0.387540803115665,0.816837091574847,-4.16501117222789,-1.24345973213224,0.506670608951999,-8.29601640880579,0.149935419198754,-0.094161060908806,11.1332646709477,0.679933974278915,-0.453564008481805,1.71411155149547,-1.17219675060763,-0.224117060377379,-5.13966882775208
100.0,0.25,0.056458333746983,0.198340860039109,5.97500780597832,-0.988669129909578,1.31216750650211,-9.1512854079747,1.00327597796804,0.903279397600654,0.362327657246269,0.00721031132428,-0.370403429178002,-8.61503325801475,-0.619712200867959,-1.13931496499235,-0.957401494921387,1.12698401543282,-0.819257548682684,5.47389229510979,-0.080420990497059,0.145284853736579,-6.36508232485978,0.391425830277387,1.20056843167116,-4.15726396608456,-1.24082245739024,0.406798005237713,-8.2842022686233,0.149431751003473,-0.063887760004023,11.3813531366592,0.677967608077023,-1.53228914696795,1.70640675516866,-1.1731631971647,-0.779129119911758,-5.12896177307053
102.0,0.255,0.05709002728516,0.212994364696546,5.5325851870099,-0.985465980803881,1.56732379520102,-9.10329716521986,1.00561275244674,0.994080092280867,0.37079608476966,0.006370711955172,-0.403305821372213,-8.97188043989624,-0.625148081169406,-1.24563705032878,-0.966892244732303,1.1247340925814,-0.899392599583159,5.44160916304661,-0.080319862984543,0.175797395282586,-5.90919011707891,0.396268576635357,1.35394512997703,-4.13373079901636,-1.23855565250708,0.399082900893216,-8.24763624798455,0.149048561504476,-0.06355904561062,11.7170419254388,0.674251183461203,-1.70331382235579,1.68343557031545,-1.17504459091949,-0.861927997014519,-5.09701139447826
104.0,0.26,0.05820338926648,0.192855661535361,4.94187317200036,-0.979806017694528,1.6668286847734,-9.02722677825032,1.00971498359246,0.974548867443529,0.377255054793433,0.004554699304046,-0.369878479577155,-9.44833419434303,-0.630579331630647,-1.36745787044584,-0.972385368546245,1.12106099978208,-0.900471121385133,5.39072147285363,-0.079428198154046,0.117359733024799,-5.30049383180918,0.401953070297718,1.44745654720404,-4.09636797570281,-1.23658324635444,0.43174962327254,-8.18956347925007,0.148762525336361,-0.083822157532726,12.0865365711971,0.667489809055584,-1.70256932615396,1.64752622634729,-1.17858144372393,-0.838062126529674,-5.04809652321014
106.0,0.265,0.059583856644158,0.160811824829903,4.32790007525888,-0.972301630521412,1.73837613163167,-8.92672156858591,1.01504571355782,0.945763520214004,0.383552332788111,0.002106425653921,-0.318986174597912,-9.94354976409419,-0.636127871936645,-1.49435335385233,-0.976496195949331,1.11637376351295,-0.901224717892093,5.32392016527875,-0.078114052114973,0.027511269238111,-4.66782827948236,0.408283494277398,1.52159870613067,-4.04691592271445,-1.23475993841543,0.480483981560328,-8.11267327841469,0.14851886311283,-0.113686168493959,12.4360552240322,0.658553546988418,-1.70127461663601,1.60084136141515,-1.18326339750918,-0.802888327929608,-4.98607715203292
108.0,0.27,0.060997472704682,0.122048724587665,3.81569421109464,-0.963643250864245,1.7882028559259,-8.8054288577465,1.02101232845256,0.914946017729438,0.391535684224217,-0.000561012226143,-0.26143300365852,-10.3566823918888,-0.641931782089308,-1.61545615641172,-0.981840056527683,1.11111924073276,-0.901705538893501,5.2438961810699,-0.07670713148618,-0.075700748900283,-4.14002827053026,0.415089640631251,1.57614446300749,-3.98711506662178,-1.23295497412044,0.533771150206685,-8.01965496147327,0.148275581077755,-0.145658484987432,12.7118160340426,0.648407077292874,-1.69951608154632,1.54554361367001,-1.18852201356857,-0.765231369439375,-4.91481327371338
110.0,0.275,0.062210280734539,0.081752230816137,3.53028389381683,-0.954521310302738,1.82254557780622,-8.66699596725194,1.02702221438646,0.889318327126976,0.403052874572273,-0.003034517567082,-0.208023063983014,-10.5868873204658,-0.648129142090543,-1.71989893398743,-0.991032279867421,1.10574428840027,-0.901965734178821,5.15334046097499,-0.075537142886521,-0.174229074213187,-3.84592861538468,0.422201301416127,1.61086667408506,-3.91870583399534,-1.23103759889986,0.58009630366172,-7.91319784442066,0.147990685475007,-0.17224651350626,12.8600371513264,0.638015080002118,-1.69738010862927,1.48379562126283,-1.19378885319542,-0.73391601928403,-4.83816488101828
112.0,0.28,0.062988324020217,0.045108213522814,3.50996167529654,-0.945626240416604,1.84764101742272,-8.45133816929709,1.03248275746928,0.876102415543767,0.42371275250472,-0.004900993599836,-0.169560452795432,-10.5136739596554,-0.654858031942259,-1.79681434244291,-1.00789212261158,1.10069576347422,-0.902057453537517,5.01842393781874,-0.074933792934849,-0.250026459523403,-3.822597293596,0.42944826868888,1.62553819561393,-3.81218494288836,-1.22887705818408,0.607944616375537,-7.74124914177756,0.147622182548456,-0.185957660543557,12.7596561255075,0.628342235149318,-1.69495308562926,1.40105180621498,-1.19849547768307,-0.717767045688628,-4.74014514230406
114.00000000000003,0.28500000000000003,0.063323675705429,0.011008042024351579,3.5251547711409503,-0.9370923265738219,1.8692553002280303,-7.987265199009793,1.03717301607675,0.87598325234646,0.46498370753760254,-0.0060711227128630125,-0.1488588759795888,-10.063736966039693,-0.6623658942385501,-1.8480185526262605,-1.0371550945156605,1.09611285859487,-0.901334308115164,4.741842798191937,-0.075128661651309,-0.30060527338913656,-3.82556861449961,0.4368837286396661,1.62585222006156,-3.582860327010577,-1.22635117721325,0.6162079908216561,-7.3577378003718845,0.14706498835669,-0.18514590077936396,12.213530999043291,0.6197013514195039,-1.69200783762413,1.252008504726118,-1.20239380717343,-0.7255945279419792,-4.571037708594468
116.0,0.29,0.063607798555958,-0.029315832452606,3.55286168452358,-0.928074807075349,1.88886746920256,-7.35447190801077,1.04167476852944,0.87744201507207,0.522722300157365,-0.007082361274113,-0.132491518627278,-9.33525580119935,-0.670829081588311,-1.8954356565373,-1.07745016806129,1.09152665191535,-0.898303866552959,4.37027777883247,-0.075972026288918,-0.350272772563182,-3.83109112092516,0.444837493539601,1.62500280989479,-3.26819923000604,-1.22347256937852,0.622713446940453,-6.83372418310232,0.146215929327379,-0.179844561966439,11.3370203768119,0.61109514082627,-1.6876862759767,1.05525018067024,-1.20600121029246,-0.756041770144736,-4.36026018536126
118.0,0.295,0.063848025502035,-0.070856407589793,3.59242411790659,-0.918677314971196,1.90568596243806,-6.65289649344378,1.04606785994175,0.87948901177224,0.591559329370786,-0.007970484551517,-0.118725777968024,-8.43628481171126,-0.680003222330599,-1.93738777105188,-1.12697112653865,1.08693379510025,-0.893005819860383,3.96201808751242,-0.077296187711636,-0.396272464289403,-3.83913598630915,0.45315478409952,1.6234923686082,-2.91556072342232,-1.22034555996931,0.62808786348312,-6.25771965436641,0.145179801311789,-0.171349206095544,10.26869281287,0.602493533688591,-1.68159491227066,0.834595598402083,-1.20946777373823,-0.798766610328931,-4.14357299419633
120.0,0.3,0.064034507115617,-0.108072475316757,3.64318377375214,-0.909045819207926,1.91889940688549,-5.9824771524526,1.05040622985326,0.881620975602069,0.666125594184639,-0.008747534039217,-0.106402336884362,-7.4748783441524,-0.689631379326285,-1.97119578213156,-1.18391175323791,1.08235329068685,-0.88553920603128,3.57535293200389,-0.078937561724682,-0.434653806092693,-3.84967438408807,0.461661939216885,1.6213256297823,-2.57230387880701,-1.21707574634719,0.632175813079286,-5.71823557856174,0.144068020098627,-0.160532643328826,9.14711686127442,0.59391346870736,-1.6733628582516,0.613863522276389,-1.21292243832719,-0.843264881332667,-3.95673655669154
122.0,0.305,0.064157393968659,-0.135422827563043,3.70448235452241,-0.899326288732101,1.92769642949582,-5.443152082181,1.05474381780357,0.883334639716654,0.741051893605702,-0.009425551231356,-0.094361878258826,-6.55909074509972,-0.699456615436239,-1.99418057573786,-1.24646583144925,1.07780414121246,-0.876003063059491,3.26857152007899,-0.080732564133278,-0.461466255497945,-3.86267748769844,0.470185297789154,1.61850732699761,-2.2857877677077,-1.21376872587369,0.634821868358575,-5.30378332008588,0.142992001476598,-0.14826768382843,8.11086107608191,0.585371884583471,-1.66261922566513,0.416872716647902,-1.21649414487584,-0.879032415994047,-3.83551129443877
124.0,0.31,0.064206836633118,-0.147366256258197,3.78893134583287,-0.889664692490286,1.93126565722003,-5.11862287655412,1.05913456333227,0.884126737271095,0.811669176694706,-0.010016577622076,-0.081445084973953,-5.78427802921439,-0.709221993521329,-2.00366303783234,-1.31380429480326,1.07330534921436,-0.86449642893886,3.09040988060227,-0.082517610742643,-0.472759270030053,-3.89389784546806,0.478551198713789,1.61504219383461,-2.09614836396772,-1.21053009591038,0.635870601950614,-5.08834810583401,0.142063161234409,-0.135427137756504,7.28187241072924,0.576885720017818,-1.64899312625685,0.264247584059665,-1.22031183420063,-0.895565047151175,-3.80948025737746
126.0,0.315,0.064076151167116,-0.144360420687779,4.06449786735032,-0.880075618331618,1.86954825256073,-4.86281174113235,1.06358447912869,0.855599751227753,0.883624752446585,-0.010549932178696,-0.067520904596057,-5.05445135848651,-0.718908626046306,-1.94078336713648,-1.39723638529751,1.06885818961223,-0.826659926336412,2.95418236888471,-0.084332818783957,-0.45839417825071,-4.14354844390989,0.486740451847159,1.55976755204753,-1.94028412872766,-1.20737105056174,0.615543760456207,-4.93886337138132,0.141285545318435,-0.120970795732579,6.53277550205051,0.568456210689853,-1.58352823483428,0.129814439180818,-1.22440884314145,-0.868486852254266,-3.82181929928133
128.0,0.32,0.063642291777018,-0.13300399291883,4.55106919630412,-0.870418645668815,1.66812766915737,-4.6252671196733,1.06804245585456,0.762697502256059,0.959321647313008,-0.011049280987151,-0.05368554029679,-4.32331896472383,-0.728772197110734,-1.73465907840002,-1.49867260660031,1.06444359962967,-0.731845313776045,2.82898071622431,-0.08640634814067,-0.409954997596925,-4.63508929638875,0.494917816965202,1.38853306918577,-1.79544258166865,-1.20419080982277,0.549213361357752,-4.8046270000454,0.140543085424968,-0.102645500799894,5.8037046711165,0.560066488607654,-1.40524884176386,0.00278169161438,-1.22868677210974,-0.778657570401563,-3.85427336405926
130.0,0.325,0.062951534911887,-0.112896290683211,5.20860931070686,-0.860692683104691,1.35322710312651,-4.41858457774131,1.07250781828944,0.617814727786033,1.03854976757952,-0.01150224430045,-0.039954301075943,-3.59088430358601,-0.738811659693449,-1.4109216258288,-1.61579164166748,1.06006171001404,-0.590704008177071,2.720933459397,-0.088714740036925,-0.33173044688585,-5.32063779603493,0.50308539453198,1.12370285248558,-1.66665553649852,-1.20098830399934,0.445519133476282,-4.69095942998655,0.139838047091919,-0.08093754551187,5.09568797747719,0.551716626944852,-1.13554102561754,-0.115650469745116,-1.2331357177125,-0.636351935914445,-3.91283690139745
132.0,0.33,0.062051836719136,-0.083550808475139,5.99708218857112,-0.850898445904853,0.952082003541252,-4.25535968090071,1.07698054822146,0.433823102679078,1.12109901953165,-0.011896112191722,-0.026328405975334,-2.8571508307327,-0.749022670916218,-0.996167980912171,-1.74627217345486,1.05571289734627,-0.414304016224639,2.63616913517871,-0.091231548578767,-0.2281264289315,-6.1523113359787,0.511243166875273,0.788513122011511,-1.55895480692508,-1.19776375945548,0.313435729098418,-4.60318109936508,0.139174195678709,-0.056363241898331,4.40975348068261,0.543406916317749,-0.796620082523008,-0.224281856003138,-1.23774702388743,-0.452112257128253,-4.00350436098213
134.0,0.335,0.060991153346178,-0.044481040788829,6.87645180790947,-0.841036649334904,0.491927819474718,-4.14818799471584,1.08146062743873,0.2235943017966,1.20675930945495,-0.012218174734094,-0.012809074036781,-2.12212200182356,-0.759400887900813,-0.516995115139461,-1.88779288491825,1.05139753820729,-0.2137133446039,2.5808162803454,-0.09393032787224,-0.103548846547893,-7.08222730935036,0.519391116322864,0.406200097828136,-1.47737220665615,-1.19451740255525,0.161937800510785,-4.5466124463413,0.138555296544756,-0.029438901989103,3.74692924028274,0.535137647342646,-0.410701308607938,-0.321912278265152,-1.24251203457221,-0.236480842378326,-4.13227019249953
136.0,0.34,0.059817440940424,0.004799517881504,7.80668214673452,-0.831108008660451,0.0,-4.10966508475102,1.08594803772937,1.66533453693773e-16,1.29532054363497,-0.012455722000693,0.000602475697896,-1.38580127251824,-0.769941967769002,1.11022302462516e-16,-2.03803245901348,1.04711600917801,-1.66533453693773e-16,2.56100343167297,-0.096784632023389,0.03759639745096,-8.0625031092802,0.527529225202537,-1.11022302462516e-16,-1.42693954939955,-1.19124945966269,1.11022302462516e-16,-4.52657390907553,0.13798511504948,-0.00068083781401,3.10824331582758,0.526909110635845,1.11022302462516e-16,-0.40734154763663,-1.24742209370454,5.55111512312578e-17,-4.30512884563587
138.00000000000003,0.34500000000000003,0.059695314057414996,-0.13360421298993716,-0.03130546260655393,-0.8277101845049059,1.614501920719976,1.8630375434792588,1.08756216084005,0.6722271551286537,1.040927213338026,-0.01210584622427299,0.1089085733632354,0.027437624163532834,-0.7728923789284071,-1.322071022178716,1.9034678132294762,1.04639296837617,-0.4101380980905553,1.036460471363901,-0.096836583622266,-0.059689059042563886,0.03401610046594393,0.5305780370682881,1.365968008494936,-1.8626853862254895,-1.18980234594958,0.5250700669322245,-0.8336011805323301,0.137812145404456,-0.08267584119026879,-0.03604203933649022,0.5238770194197009,-1.3940904961022762,-1.8192148221415563,-1.24885544053614,-0.6562230857004362,-0.7871265672373635
140.00000000000003,0.35000000000000003,0.05931273151165399,-0.18142891113660048,-0.02251206717693175,-0.8205486390874239,1.7622361709855112,1.2754872902755918,1.09083341531347,0.689952351785628,0.7082288522938454,-0.011435018790981993,0.09485685805556182,0.01869406506715954,-0.7789962006710291,-1.4065465011807405,1.3004166771631422,1.0447597810351,-0.47094589805485254,0.7102325346028138,-0.097005508259044,-0.0807363982142882,0.024514662976364673,0.5368806331177921,1.4537879768806103,-1.2747017690233633,-1.18695608737302,0.4983469742568326,-0.5729295821699611,0.137446931892455,-0.09047395134007606,-0.02476563014177204,0.5175526387894559,-1.5001321097334808,-1.240497448703143,-1.25183658333037,-0.7054404839378053,-0.5317348623003431
142.0,0.355,0.058776433187654,-0.22267450093157,-0.013787522102609,-0.812916806311985,1.89047933204894,0.711771774842369,1.09416306260245,0.705509374820941,0.391046052225572,-0.010814157154981,0.08225681122219,0.010244611097549,-0.785366873802929,-1.47921729376665,0.723382046363488,1.04289894085589,-0.525910436898461,0.39688399574482,-0.097246345873073,-0.09926403359248,0.015048226790441,0.543452952791039,1.52605233858799,-0.710720416971678,-1.18418001427445,0.481190919115972,-0.32136560507523,0.137056992308089,-0.097199631292573,-0.013831215469155,0.510889794834163,-1.59271736234571,-0.687658657147161,-1.25496713102218,-0.745143586690851,-0.289878990608989
144.0,0.36,0.058123286199115,-0.252643822272224,-0.005132684444967,-0.804835776719264,1.98410212489219,0.173990679178667,1.09755236088236,0.717319877601463,0.091077011571437,-0.010256941681736,0.071777982823196,0.002109119825077,-0.791999820913143,-1.53192319747133,0.17488007020492,1.04083663361256,-0.572685588980697,0.097504826333026,-0.097541357734612,-0.113575332737454,0.005616990570098,0.550290708727719,1.57672140152621,-0.17287562949188,-1.18148159906801,0.471842669310848,-0.079557059546108,0.136643494119641,-0.102086731937028,-0.003258907974167,0.503898648680498,-1.66058921364651,-0.163345783118,-1.25824325087897,-0.772540199069485,-0.063407388372283
146.0,0.365,0.057390157659736,-0.26663971505594,0.003451588734634,-0.79632664084994,2.02797527049723,-0.33575631471644,1.10100256832854,0.723805513494062,-0.189980071230321,-0.009777052736714,0.064089922818656,-0.005692551179878,-0.79889046459071,-1.55650400982968,-0.342573101938173,1.03859904507916,-0.608925228660872,-0.186815002089454,-0.097872805113922,-0.121973663209526,-0.003778847022762,0.557389613567522,1.59975547360438,0.336698293994573,-1.17886831416784,0.468542992642666,0.151848244119417,0.136207604795397,-0.104369104162707,0.006931179687672,0.496589361455136,-1.6924906233434,0.329793837739952,-1.26166111016815,-0.784838126183612,0.145831508200777
148.0,0.37,0.056502765721229,-0.266488734713607,0.011964440374834,-0.787239724042814,2.0284946091432,-0.815369524843884,1.10452720822307,0.725689315877041,-0.450426997741472,-0.009371886499066,0.059206272708604,-0.013140544346944,-0.806123108488378,-1.55582108533868,-0.826461320691405,1.03612750559485,-0.635769741594954,-0.454985517979505,-0.098271568235297,-0.12496181396082,-0.013139087326239,0.564861220772605,1.59575004328198,0.815867054066231,-1.17639188419596,0.478388419319476,0.372202495623364,0.135741071349404,-0.104376781310081,0.016718934860845,0.488862183833048,-1.69353147286581,0.789112869782313,-1.26529082088651,-0.779953264958615,0.335989262901194
150.0,0.375,0.055299086849923,-0.26423004073863,0.020393443308346,-0.777361595810532,2.02501504445794,-1.26242585670999,1.10813884131771,0.727139798451379,-0.688460737329734,-0.00900943883732,0.055719602817149,-0.020211232505686,-0.813802450211477,-1.55043829901936,-1.27398234424117,1.03330027712507,-0.659489335771796,-0.705722306134113,-0.098810129488896,-0.126711544737649,-0.022450914149414,0.572840309313251,1.57821032397123,1.26216735941072,-1.17409469956404,0.513111780362935,0.580668779281349,0.135232115670182,-0.104109626736981,0.026077478543075,0.480583152772139,-1.69338946686449,1.2117264151625,-1.26921951086958,-0.761471240057709,0.505215957492638
152.0,0.38,0.053879256144194,-0.260863443755123,0.028333976974605,-0.766942608670653,2.01983351963687,-1.66550222221447,1.11181195843522,0.728296083706076,-0.90032318664896,-0.008681905424104,0.052993819624605,-0.026771722722307,-0.821780810794682,-1.54265433799746,-1.67499539681786,1.03019912748472,-0.680172575891972,-0.93216690372412,-0.0994490643761,-0.127866747476183,-0.031273117336167,0.581129849103657,1.55157987378632,1.66397914228526,-1.17187676178678,0.56153656324987,0.770599359469725,0.134694537917935,-0.103672885231935,0.034769116152402,0.471922670386926,-1.69314136494218,1.58918352411028,-1.27332438503105,-0.735696429778912,0.653359175899505
154.0,0.385,0.052351784952872,-0.256966772930735,0.035857921515576,-0.756246961522909,2.0138444947803,-2.03210051993523,1.11551997965095,0.729146268046764,-1.09113875820563,-0.008382481497177,0.050429832404272,-0.032897241078079,-0.82990312845379,-1.53406114192654,-2.03787987272302,1.0269122731314,-0.69767798972714,-1.13837341796402,-0.100145328772386,-0.128932153588952,-0.039682136689825,0.589523141705399,1.51990776383389,2.02892947283991,-1.16963412851093,0.611786488633779,0.944846201536867,0.13414290199454,-0.103100260319746,0.042887778867952,0.463060144656235,-1.69279074620758,1.92991874407262,-1.27747650681276,-0.708950160284674,0.785319069481436
156.0,0.39,0.050825184624784,-0.253117857433113,0.043338921269003,-0.745538853267035,2.00794242998855,-2.37912762156131,1.11923632504023,0.729678447879075,-1.26955592721365,-0.008104362294298,0.047428550429448,-0.038770478432458,-0.838014341404597,-1.52625065046021,-2.3796426774767,1.0235279305227,-0.71186410504896,-1.3339698979514,-0.100855878553228,-0.130412494488486,-0.048083150528828,0.597813488680056,1.48724306522058,2.37421189533119,-1.16726285738327,0.651985277168158,1.11148955748921,0.133591771801873,-0.102425455525215,0.05071303736846,0.454174983558894,-1.69234118976943,2.24979137848085,-1.28154693965651,-0.687553757737444,0.906898118073853
158.0,0.395,0.049407966508761,-0.249894526429906,0.051150620572626,-0.735082482802767,2.00302178536192,-2.72349039878179,1.1229344146784,0.729880719608641,-1.44422316888693,-0.007840743053224,0.043390882973432,-0.044574125644896,-0.845959387862901,-1.52081480325203,-2.71729071659898,1.02013431611621,-0.72258944962909,-1.52858439278382,-0.101537669594105,-0.132812501587316,-0.056881337171616,0.605794191589203,1.45763484905305,2.7170199540156,-1.16465900605054,0.670256649506503,1.27860967933319,0.133055711241811,-0.101682174373145,0.058524462332666,0.445446595073728,-1.69179627473642,2.56466073076631,-1.28540674700411,-0.677828548299672,1.02389880151218
160.0,0.4,0.048109045700662,-0.247596994530804,0.059666663764187,-0.724900140099303,1.99958335198535,-3.08209572328572,1.12662405606643,0.729009012756281,-1.62378895843938,-0.007567833597124,0.037347514905577,-0.050490873574848,-0.853719652973334,-1.51799575926183,-3.06783089560992,1.0167069975483,-0.731095520732026,-1.73184495155886,-0.102169242478982,-0.140222604663991,-0.066481874936628,0.613463670764829,1.43329735500813,3.07454719314965,-1.16169690338204,0.668141487986135,1.45428681907525,0.132533142487961,-0.100771419040196,0.066601624439307,0.436873553452338,-1.69001388380176,2.89038610436032,-1.28902075193206,-0.67798654470691,1.14212359963183
162.0,0.405,0.046826953763023,-0.245816275223759,0.06926069518143,-0.714745882101986,1.99701177104836,-3.47185046676216,1.13033664531198,0.726073963816488,-1.81690177108491,-0.007276801050922,0.029041456142534,-0.056703413081769,-0.861436640180221,-1.51614050311388,-3.44827012002958,1.01314081714498,-0.739049071136123,-1.95337962337409,-0.102781066821548,-0.155940161905804,-0.077289942142304,0.621027325266907,1.41147837776053,3.46398715698984,-1.15838641079254,0.660844853086149,1.64660122872182,0.132008940694766,-0.099500966190064,0.07522409436712,0.428279781294969,-1.68535798546221,3.24282680269421,-1.29250044109631,-0.678693697256891,1.26737499226823
164.00000000000003,0.41000000000000003,0.04555943442191099,-0.24415697412431198,0.08201250489001517,-0.7046146612789159,1.99463860973959,-3.950000192629786,1.13405505874553,0.7211863371895539,-2.0493816821617132,-0.006997856348983997,0.019319729075917887,-0.0639689444246231,-0.8691217560371621,-1.51467916185092,-3.9133115178038156,1.00947172851089,-0.7460139200080051,-2.2264857335675634,-0.10340045204452002,-0.17656869135145625,-0.0916688050115192,0.6284728950821531,1.3893327399382498,3.9432875189715264,-1.15486356544184,0.6494164547068739,1.885924407023723,0.131486904713802,-0.09784604729100999,0.08556804557216212,0.4196862129882479,-1.6778419407233,3.6713385580428555,-1.2958918990531,-0.679638073040207,1.4145709763444418
166.00000000000003,0.41500000000000004,0.04430521765009199,-0.24222539358057396,0.09947456286699721,-0.6945038252666199,1.99179755174824,-4.547977896209037,1.13776176325782,0.7144656313971719,-2.333886249590103,-0.006761467162519998,0.009035964553123886,-0.07273909148855309,-0.8767850792461092,-1.51305418239617,-4.491807767090357,1.00573691639486,-0.751537289096218,-2.569793302847144,-0.10405456723080801,-0.19866370974977526,-0.11140989011154123,0.6357860356674641,1.3640257467553898,4.5442585754956974,-1.15126503798915,0.6347699787046688,2.1903077767336434,0.130971004621807,-0.09578334901057697,0.09835287398096815,0.4111156411507209,-1.6674924892594798,4.201175393075066,-1.29924039394837,-0.680591819387832,1.589914479748132
168.0,0.42,0.043063033420332,-0.239627835940657,0.118932753251043,-0.684410721701623,1.98782228076351,-5.18635051875839,1.14143922573958,0.706031344961039,-2.63425107847191,-0.006598101162743,-0.000956206578449,-0.081932960143885,-0.88443668850901,-1.51070801167289,-5.10771378765583,1.00197356554568,-0.755166400149306,-2.93723845657204,-0.104770581463325,-0.218780733849586,-0.133432967843819,0.642952402479736,1.33272270342611,5.18665864085401,-1.14772749909365,0.61781911093589,2.51799327445398,0.130465210495523,-0.093289558016311,0.111921325868825,0.402590858400935,-1.65433637074521,4.76353347283547,-1.30259119392806,-0.681327083630745,1.77239792249473
170.0,0.425,0.041831582523542,-0.235967522919353,0.137606841604594,-0.674332454024078,1.98201837920454,-5.784032539046,1.14507000280757,0.695993557359609,-2.91359380833325,-0.006538212667481,-0.00980358136549,-0.090446536449572,-0.892086738519362,-1.50707230461088,-5.68342872803987,0.998218790798156,-0.756444551823862,-3.28179091443169,-0.105575670436584,-0.233475734520014,-0.154582149402244,0.649957758395478,1.2925788822016,5.78857615435568,-1.14438755882839,0.599476639860864,2.82632267790312,0.129973483616585,-0.090340549984385,0.124580200273484,0.39413445347497,-1.638377893435,5.28821895941483,-1.30598965053719,-0.681605474890755,1.94062104381012
172.0,0.43,0.040501372826939,-0.218794636762689,0.15271659349009,-0.663358475331693,1.86222628515661,-6.25993843584002,1.14897664081575,0.647186572468291,-3.1350320787002,-0.006547072550012,-0.018544014618423,-0.097175806464568,-0.900024653046219,-1.45891842806062,-6.14135173678204,0.994236670278121,-0.738664855891422,-3.55642039611549,-0.106516380114197,-0.242275111714226,-0.171701545980705,0.657193903047493,1.20243052946854,6.26809955530986,-1.14110875137698,0.576491328357141,3.0726377647994,0.129465596493352,-0.083751290481614,0.1346362962327,0.385002480414638,-1.53076554960203,5.70503801490386,-1.30977581835327,-0.639344919287496,2.07318358292019
174.0,0.435,0.039058580621159,-0.183308015370137,0.161481774469968,-0.651369942640259,1.58016397874794,-6.53298268790858,1.15321596860099,0.544186541792972,-3.26168352909887,-0.00657289257149,-0.027994828390102,-0.101016756247827,-0.908281132233154,-1.34811863858308,-6.40388196242197,0.989966819126867,-0.691363889609829,-3.71409662131287,-0.107597622967529,-0.248210467686043,-0.18163526877309,0.664730648572991,1.04965325156112,6.54331728302572,-1.13776519626581,0.545305901527686,3.21428031286118,0.128934020799599,-0.07239728891317,0.140396412784224,0.375078128026358,-1.29410119889595,5.94379680139332,-1.31396005539148,-0.53624978455768,2.14868527905082
176.0,0.44,0.037634028979042,-0.139382055241373,0.111727340579103,-0.639456281936767,1.21998954599865,-4.60143898078678,1.15740696278927,0.416041500411914,-2.30318297991363,-0.006615320346992,-0.037139094487003,-0.072448617323318,-0.916507878897997,-1.20754548949219,-4.51307719970674,0.98568238336572,-0.62191908124264,-2.61422553894728,-0.1087866994116,-0.253273534723024,-0.125734221904184,0.672112673346909,0.870297952087322,4.60698885449051,-1.13448572178705,0.506023564990566,2.25967913343527,0.128413335591252,-0.059028862950986,0.099997358021605,0.365245169917435,-0.996817583072229,4.19176227182283,-1.31812568267744,-0.403649793880627,1.52189938733109
178.0,0.445,0.036358540973431,-0.096891152876077,-0.035392731791679,-0.628706919208212,0.865861072928844,1.08409300146596,1.16116860000653,0.291799483403383,0.514795415821637,-0.006674003491593,-0.044959884715599,0.011564127980571,-0.924356595858576,-1.07007153410186,1.05072271182577,0.981656509016008,-0.537707859053411,0.624107927195208,-0.110050909861429,-0.259456045112722,0.039593676545097,0.678884655744183,0.700415534655152,-1.09320700663933,-1.13139915623289,0.458747524363847,-0.552775069387468,0.127938119924236,-0.046396330266998,-0.018934192126259,0.356387379695174,-0.707347443886348,-0.961974307760531,-1.32185602123676,-0.272874670435658,-0.318048638239226
180.0,0.45,0.035362939677169,-0.065709704773926,0.086724472825816,-0.620211280441587,0.601936645558652,-2.56596712277946,1.16411985687875,0.200508525845641,-1.21759577123052,-0.006748589620369,-0.050440270882366,-0.020044936855123,-0.931478985932719,-0.968569325725992,-2.47788437511416,0.978162342099055,-0.446107651305699,-1.47927868203073,-0.111357554732037,-0.268749731142696,-0.096338391465785,0.68459127413975,0.5760569028726,2.5886422826692,-1.12863432789549,0.403580985265596,1.31502354809557,0.127542952854479,-0.037250008533141,0.037168832380669,0.349388530966882,-0.494123523093778,2.27649886561741,-1.32473439209505,-0.175254137402094,0.751650149359348
182.0,0.455,0.034777069186196,-0.056276112101658,0.126567335345771,-0.615046376334767,0.510339392185153,-3.77546177528648,1.1658837432205,0.171047485211529,-1.79215727039742,-0.006842182676355,-0.052589179989123,-0.031726160519878,-0.937517301534415,-0.937092646060032,-3.64870720183705,0.975468795476542,-0.352647623753939,-2.17587133433714,-0.112674481611778,-0.284546979985454,-0.140794471671494,0.688775551543593,0.53234885413109,3.80848150338848,-1.12631795421561,0.33884310867152,1.93278735775653,0.127263247464632,-0.035531110453066,0.057002212883076,0.34512258627351,-0.423888406178438,3.3500084922447,-1.32635058373828,-0.14136373159736,1.10682636792234
184.0,0.46,0.034515979638087,-0.088279252791877,-0.050945100272416,-0.612508340587151,0.505645048435882,1.43941849137027,1.16671717403156,0.192888953222615,0.681976524872284,-0.007114969184348,-0.052913034452847,0.006633726719307,-0.942151935650687,-1.02700613316382,1.38419646425499,0.973529794527687,-0.210490443555218,0.830974654749133,-0.114063692862717,-0.355338098333579,0.05617578521828,0.691434543092516,0.529015354936787,-1.45234103164771,-1.12447455647168,0.213755236332661,-0.741094624666142,0.127108005213765,-0.085378155321596,-0.016072505103214,0.343020224184423,-0.423852074486699,-1.27638126636624,-1.3270529029913,-0.139649251361223,-0.420236922163601
186.0,0.465,0.034116894355616,-0.084559206166763,-0.055034508828119,-0.610014796007567,0.506964982850246,1.57230597830039,1.16768074352497,0.178159132324233,0.745226508537628,-0.007386658529894,-0.057408318820242,0.00899585618742,-0.947191716413085,-1.08004320453915,1.54043367519025,0.972368461010572,-0.224514386207809,0.907392669030046,-0.115771720951019,-0.355999899955158,0.060795395361196,0.694025042138239,0.555767208000885,-1.58638633557744,-1.12328259472575,0.19895984961525,-0.808557531069739,0.126755178727447,-0.081155891563917,-0.020412590952985,0.340934439334689,-0.424453122568391,-1.39444190172574,-1.32773655688915,-0.144630429161812,-0.459454597471736
188.00000000000003,0.47000000000000003,0.03364736308387199,-0.1317844778536295,-0.02798650421431162,-0.607476716467492,0.5741042902441984,0.8238082696882124,1.16860754310054,0.08643903094686141,0.390846038180666,-0.007668828048950004,-0.07771811010593156,0.00831500743633499,-0.9526355054252031,-1.139254992784172,0.910092855565805,0.971375875468445,-0.260478077115963,0.47508065504582897,-0.11764494050682602,-0.3445418638196043,0.031078870061510583,0.696781810086661,0.6569463701898338,-0.8312478320308904,-1.12231835892741,0.18183698552157382,-0.4223352682304016,0.126275296383428,-0.11678880824178275,-0.018339820817206965,0.3387956849942,-0.43676476073429804,-0.7310230173816566,-1.32846774298031,-0.10665565798765009,-0.24137449546385994
190.00000000000003,0.47500000000000003,0.03332468307459399,-1.323021038995059,0.010809706716958465,-0.605053493917591,1.7412670786673086,-0.24979680393956585,1.16928707839388,-0.2740285614502005,-0.11745835152183508,-0.008014166697799006,-0.15684263395230857,0.00689372863313598,-0.9581998639088081,-1.4052082650189117,-0.016445878822662272,0.969851892746946,-0.07610099640738363,-0.1450045720208894,-0.11934999268273301,-0.3955584865668194,-0.01154492419363051,0.699934580749423,0.8658032167252824,0.25188244261278,-1.12112580134444,-0.221895767786963,0.13164128528655764,0.125991066557463,-1.1721007017842777,-0.014034737487715937,0.336693178096725,-0.6229515506278275,0.22054954186225137,-1.32936543782496,0.7930795882929916,0.07142793703394075
192.0,0.48,0.031101351737607,-1.40189081647949,0.052863823601811,-0.599837933885658,1.731878438092,-1.41355770147922,1.16896498716152,-0.257213454219065,-0.668447525580656,-0.008528493715394,-0.170369733571924,0.004544000080861,-0.964918340107099,-1.3922664233016,-1.06156621485507,0.969293550418135,-0.071554896885215,-0.817161362379385,-0.121358734984106,-0.352120581898066,-0.057748045133898,0.703671410516235,0.885943517085188,1.42596841848505,-1.12134432778967,-0.232700271794375,0.732137936218312,0.124021976366938,-1.22052702780507,-0.006944670318973,0.333862091976213,-0.599933051544613,1.25203026305316,-1.32858131018736,0.884198688479661,0.410497906558356
194.0,0.485,0.023776673736299,-1.1570116603641,0.089685546076364,-0.589529984262474,1.14247135734747,-2.43252288182705,1.16743614015606,-0.030644584861982,-1.15088234900659,-0.009241493154905,-0.174579501627921,0.001077802082545,-0.973325475262212,-1.22078767204562,-2.04765183941136,0.969031444620846,-0.142928135175322,-1.40568806623895,-0.123891717414984,-0.1512297955956,-0.098202550488963,0.707939007544665,0.882075997205395,2.45397402571743,-1.12265817317111,-0.08058666624099,1.25792049130205,0.11753276785069,-0.917692091994858,0.00348305133456,0.329937611336025,-0.418481729870481,2.15517363323826,-1.32498110107402,0.826929015548225,0.707380619646083
196.0,0.49,0.013526604101395,-0.800186042530108,0.112784573776737,-0.576579303609804,0.293053428303823,-3.07174080387935,1.16523285807882,0.295872801987109,-1.45352368681043,-0.010097013219872,-0.177602986640415,-0.003692885058772,-0.982370545052225,-0.967122889131276,-2.79708643937145,0.968880899622644,-0.252326735893119,-1.77488303380888,-0.126586159629143,0.13828188697435,-0.123580497988494,0.712549866317775,0.874553003089075,3.09886319444141,-1.1245516078777,0.151106070926475,1.58775475727496,0.108452002368415,-0.481264650890752,0.017801098118423,0.325579587919111,-0.156545012812409,2.72173413946475,-1.31956859037945,0.73970545429189,0.893621282833812
198.0,0.495,0.002807497246742,-0.415467384584763,-0.144548192738393,-0.563636602043433,-0.605259335129995,-3.115159040411,1.16290274901973,0.641185428505172,-1.41099166124342,-0.011037200301247,-0.179596503242096,-0.515224416159506,-0.990941685921989,-0.686590479315087,-3.15638176987828,0.96874011607734,-0.380288312827858,-1.80449581058525,-0.129057516737783,0.444458659000576,0.051594544257932,0.717317568292283,0.862940853129357,3.18017865740284,-1.1265540338985,0.419534597679532,1.56538050767549,0.098955770643912,-0.019715244819254,0.486792372082169,0.321484095749294,0.1212947775327,2.71598180164757,-1.31342419845331,0.638664819225791,0.828799190135243
200.0,0.5,-0.005924292413814,-0.086909108135292,-1.16771918179825,-0.553352589679145,-1.34135091904503,-2.58973250923667,1.16099342106868,0.924140016869168,-0.638696918049651,-0.012004200789983,-0.180716366065657,-2.49990574087573,-0.997927034316353,-0.434508847353585,-3.3654275163033,0.968507294638744,-0.507350479768792,-1.53901166563349,-0.130921243852104,0.695344713671868,0.754290313835881,0.722055694924909,0.846805865719371,2.966565526625,-1.1281948532226,0.681855571989691,0.924345855095256,0.091220163400981,0.358485585893134,2.49959074625182,0.318347208850395,0.350455319067941,1.87588865945884,-1.30762834564529,0.539943924865062,0.023022422728899
202.0,0.505,-0.010212410466425,0.101435365211077,9.00616237788034,-0.548377976632724,-1.70410530953232,4.25185897559402,1.1600524823156,1.06358328925606,6.88508611769615,-0.012940161077032,-0.181118889743787,-1.99130138929244,-1.00221472668017,-0.266196398003297,-4.16965625623496,0.968080635960668,-0.614050850505176,2.10445064595129,-0.131792796083307,0.818984244177018,-10.6557981414642,0.726577827672373,0.825714359252245,-1.47342301861949,-1.12900346783907,0.895225651828464,-5.37864712738121,0.08742127136342,0.544867300919913,3.12451062921848,0.316865001246235,0.466354289696416,-8.12661890368146,-1.30326145230509,0.459679585724834,-8.54934997577909
204.0,0.51,-0.009960528485013,0.149558792558289,16.3851118090444,-0.554188196626012,-1.59334265980359,8.86571146113888,1.16396789196915,0.871311067824144,11.8513042523118,-0.013903224077716,-0.131452917817882,-1.33262779948992,-1.00379906201449,-0.203002775498383,-4.61576364640004,0.965817130096839,-0.707646120301065,4.56964478480306,-0.128976754023257,0.77855937554507,-18.9202769684376,0.730895330064056,0.750246062237233,-4.54185176896095,-1.12600947859194,1.0690335730089,-9.5412204397684,0.089243028946453,0.507170440052161,3.26976087592963,0.318406220661403,0.472638227286449,-14.8331104470659,-1.30071999049859,0.394363198601314,-14.2503179583093
206.0,0.515,-0.009189814548323,0.145631412546975,14.7379303208099,-0.563823261896576,-1.21549886506244,7.55501208532251,1.16930870211543,0.193528446296926,10.4590377842268,-0.014629110668443,-0.265369492264369,-0.977573231389287,-1.00483853016163,-0.107767387360428,-4.53291471183734,0.961798370277109,-0.466125841788264,3.86764479584484,-0.124178061519646,0.404154887298823,-17.0178439376358,0.734847908400421,0.277044551010377,-3.66694780857991,-1.11988500222163,0.716806380832902,-8.35567226870607,0.092368325771555,0.258542329686706,2.94005507991299,0.321119803833987,0.589323469947038,-12.9581465694217,-1.2987305060231,0.489127477492176,-12.6803536025345
208.0,0.52,-0.008332424733404,0.046370622030565,11.6541707073685,-0.570878493839285,-0.556742925775983,5.10119516874377,1.17201398805849,-1.12270640349522,7.85251559095555,-0.015079776450685,-1.23832640405368,-0.662621699477529,-1.00565308101522,0.104038538427854,-4.37780964281733,0.957864038443115,1.11468750067145,2.55340029391941,-0.120615888996391,-1.02700208165207,-13.4562168858705,0.738025075084378,-1.38124397354784,-2.02900231323888,-1.11387210386537,-1.65199278332096,-6.13615632840145,0.094550321566066,-0.509247861789257,2.32279861768589,0.323495452742915,1.23958344950616,-9.44794570580124,-1.29690654403079,1.16205917347857,-9.74115551813289
210.0,0.525,-0.007965222422024,0.016114514677104,7.90119768156384,-0.574865500061155,-0.544332387202314,2.11487008100244,1.17021706718619,-1.10119263620362,4.68034632073412,-0.017848702365194,-1.18937061699351,-0.398413201480103,-1.0055651928958,0.166965877394621,-4.18904488383273,0.959636262644605,1.09697986357939,0.953948720735958,-0.122458077022379,-0.989670474886383,-9.12167336471231,0.735857392675317,-1.35635860145254,-0.035602686705319,-1.11663186817143,-1.61540126435938,-3.43497838379143,0.0937271263698,-0.506481985574074,1.57158998175826,0.327656088400063,1.22544021485786,-5.17598848225395,-1.29322663953697,1.14556097745892,-6.16411563468155
212.0,0.53,-0.007656613872268,-0.007677132219453,4.24637595623909,-0.57795340091697,-0.547254969350103,-0.793353808301715,1.16464583751002,-0.955608261261345,1.59113862179869,-0.0245897798096,-0.978643170973522,-0.195587735122464,-1.00522655086288,0.209636019073851,-4.00521687937628,0.96521725435406,0.939374541967341,-0.60367248199632,-0.128142502598129,-0.785629405168872,-4.9004909257317,0.729113247663797,-1.17551364340532,1.90566366725335,-1.12526658248637,-1.34916792491106,-0.804444199812863,0.091129011777088,-0.447166099999131,0.840027664640037,0.333822549125747,1.13921935921565,-1.01575552482924,-1.28731243795433,1.04908165979623,-2.68062588175749
214.0,0.535,-0.007404456865855,-0.02647344793006,1.45707024423767,-0.580474647033786,-0.552375343609386,-3.01286712956891,1.15696537552194,-0.756289881893002,-0.766498857614518,-0.033389400113153,-0.694708070470149,-0.06478529813007,-1.00468695735501,0.240566819263492,-3.86492207394069,0.97290840790493,0.727208800303356,-1.79242587256822,-0.135794784614224,-0.510952608448204,-1.67894712049932,0.719774973894834,-0.932063078044815,3.38720934486965,-1.13704681542803,-0.990669974642325,1.20314045859737,0.087564012297917,-0.362192235937586,0.281710158841167,0.341127866581886,1.02079580057111,2.15927254042343,-1.28017462246997,0.913012725150819,-0.02207818893778
216.0000000000004,0.54,-0.007215648943287968,-0.0401115407580922,0.3006452584030309,-0.5827251895575845,-0.5597636980837877,-3.9330605131992775,1.1488348212314985,-0.5477854558612424,-1.7439574692692472,-0.04229946736707366,-0.40598539984835236,-0.016645888228482852,-1.0039845679543997,0.26534165245723174,-3.8067569120187033,0.9810452919758675,0.511820549104697,-2.285274009270502,-0.14356329440378243,-0.23210384414481428,-0.34331950058586275,0.7098158153617721,-0.6849148291565922,4.001446942376081,-1.1492946428227622,-0.6265442502162244,2.0354698265022857,0.0838202908751933,-0.2664658901383478,0.050235956871691606,0.3486996897332375,0.8962257231942012,3.475615087454485,-1.2728317704250487,0.7634462341584705,1.0801355142003934
218.0000000000004,0.545,-0.007097087645066984,-0.048428519006916075,2.4239496927990984,-0.5850009796343455,-0.5694902208769324,-1.3862098165787047,1.141913314648249,-0.3746429409288508,1.4185526794746017,-0.0493718856625781,-0.1808952434732717,-2.5836244327254203,-1.0031575382432498,0.2895438931487452,-4.5001216405311295,0.9879634752455191,0.34454769888875364,-0.6976465820343011,-0.1495964032999189,-0.015546871679308204,-3.3954700105813447,0.7012090160579606,-0.49297682052638997,2.0415089564370046,-1.1593321404969015,-0.34342758829603304,-1.0292658908678136,0.08068601045182748,-0.17489255935038106,2.75780782032669,0.35566566754455325,0.7915653113549798,-0.5008331707398552,-1.2663024591606988,0.6264742474550505,-2.558771957028735
220.0000000000004,0.55,-0.007055670511696009,-0.05126149097990742,4.258081586476581,-0.5875979684100535,-0.581625100092447,-0.10008605597025749,1.1378599957817095,-0.2814102948584796,3.4491947966075824,-0.052658559090887215,-0.08785768570986639,-4.17795743700577,-1.0022440238037797,0.3187569158317212,-5.343457702809162,0.9919985263925395,0.2767281601727818,0.1447961062313314,-0.15204248263575307,0.07225454952788665,-5.891776670458138,0.6959278199767414,-0.4151569759397895,1.0619864987832974,-1.1644813842768005,-0.22795682554479305,-2.9830506215787778,0.07894933397072582,-0.10237774032259303,4.444137929998633,0.3611534489805929,0.7328707493234158,-2.8473224334614864,-1.2616052660180592,0.528188825676335,-5.035813685194052
222.0000000000004,0.555,-0.007303207793774066,-0.03604789210337473,4.922955477578372,-0.5904944839033346,-0.6257193078292672,-0.1783176509962929,1.1363481832770197,-0.24940204468562482,3.749798591171643,-0.053133460892889076,-0.0855926153748303,-4.38476080808214,-1.0007308977252696,0.35906134328869294,-5.925012679477338,0.9934649991759013,0.27741885812655226,0.166383843584199,-0.15170995318887592,0.06460814414235391,-6.688920507479615,0.6937520070575937,-0.4365722621182701,1.1852206201741236,-1.1657024654931603,-0.2273747343069959,-3.26295639870308,0.07834070021643992,-0.04876540300813527,4.665877150945531,0.3649546608281187,0.7126799794521569,-3.065649641564526,-1.2588039164070095,0.463711946463358,-5.4994749344224445
224.0000000000004,0.56,-0.0075249086641630296,-0.02107964795720192,5.7859442912042764,-0.5936040738235927,-0.6665607450081409,-0.25120743291714615,1.1350959103961897,-0.2480781069762096,4.050151445648717,-0.053537677987331084,-0.09094594891007356,-4.359479444941826,-0.9988989303505207,0.3469403715461976,-6.444053349680368,0.9948104559474024,0.27021279267045234,0.19806665474354682,-0.15133580800425495,0.0509613717441805,-7.670296478799487,0.6916528056379335,-0.43159841159869516,1.2601715540082028,-1.1668320035069701,-0.19491683351462133,-3.5485123267287046,0.07808137435349997,-0.005197739154395127,4.645447017062538,0.36851465241827475,0.7003555830645121,-3.2840616484769107,-1.2564337583076395,0.43307878622888113,-5.970421397242631
226.00000000000045,0.5650000000000001,-0.0076437981816430195,-0.010711146519323584,6.727299495486357,-0.5969445066521608,-0.6974483878393826,-0.3291130765975651,1.1338747039096297,-0.25774195312741016,4.316345623393786,-0.053975073362584114,-0.10499982060739323,-4.260085113899411,-0.9970478502606457,0.2931355893841466,-6.907517637265889,0.9962026960122333,0.2518371658427916,0.2321065423863204,-0.15105456932403394,0.03932576191910276,-8.703222632518036,0.6894131293420646,-0.4018363205449754,1.3169771534979018,-1.1679155197721902,-0.11699489320345559,-3.8057498056667036,0.077986393662409,0.029187268249738135,4.555372633756522,0.37206304622066577,0.6907569120294051,-3.47417287480037,-1.2542355406574295,0.42193876381261425,-6.398164054862061
228.00000000000045,0.5700000000000001,-0.007713718235073009,0.0005171984812292575,7.711900135144565,-0.6004267211304127,-0.7342580975033072,-0.41419490786703805,1.1325681214319399,-0.25231879724082334,4.551839758693864,-0.05450993712348812,-0.09797601385474593,-4.018723819182213,-0.9955554942302897,0.2893135236407434,-7.330367154133004,0.9974742201783153,0.25769439678834527,0.2647886418649897,-0.15085753196155594,0.0433003551556083,-9.76051339307193,0.6873876850907236,-0.4147494455947873,1.3648902781985193,-1.1684726423498202,-0.20385143410465129,-4.034127653906186,0.07810967302857805,0.05200326321567489,4.313842571978674,0.37556966487494475,0.6752507561106386,-3.640357839913349,-1.2521234677861395,0.4498811577700525,-6.786579045541676
230.00000000000045,0.5750000000000001,-0.0077170889754749955,0.007230757591822922,8.390371450049333,-0.6040878143435747,-0.7863665456455563,-0.505140175274323,1.1312814244436098,-0.23989653000646083,4.693281446932122,-0.055017523703907105,-0.08948545094490214,-3.9739691229440464,-0.9941010433439706,0.28949184556175944,-7.61798722559065,0.9987654283811663,0.25699230124257755,0.2903164009752019,-0.15064760728455595,0.050029603914353904,-10.472617113418634,0.6853150488612295,-0.4248177955342045,1.3952320988505353,-1.1693292576954302,-0.22424961576558225,-4.198674099259439,0.07833655180364507,0.08434082304644358,4.273798296311957,0.3790053439123748,0.6726472881011274,-3.7176235544581804,-1.2498884091105495,0.4944700794139823,-7.0350380028076405
232.0000000000004,0.58,-0.007688337131714993,0.013767270294396047,8.725770421872838,-0.6079879581081568,-0.8632719698769854,-0.6177348445865988,1.1300438042666299,-0.22860553170647469,4.823864260916357,-0.05548039692536609,-0.08213453401078162,-3.97864074347854,-0.9926418742599187,0.29335954691229393,-7.9015581292071255,1.0000749709051702,0.2529286826211769,0.3124614756361209,-0.15040423003773296,0.06134302472640706,-10.902501917333748,0.6831753721645706,-0.4287648858662907,1.4273301837784802,-1.1705432599751402,-0.21887933918409697,-4.368666872492979,0.0787042972310941,0.11776967119412927,4.280900805164834,0.38239351180093767,0.6747006948426127,-3.7789281108177812,-1.2474684992948994,0.5270574043260713,-7.268594373605994
234.0000000000008,0.585,-0.007633873945676971,0.05275713905760763,8.542089799884039,-0.6122299630966268,-0.9835552513746125,-0.8678411015946552,1.1289141267973595,-0.25841711158774616,5.334409013347374,-0.05590180248019517,-0.0765580924440895,-5.587635848822826,-0.9911979290567073,0.33842314163449555,-8.882923824968335,1.0013421295867204,0.265214588893426,0.3395874690432619,-0.15011584087933086,0.09044409807999,-11.057586408229751,0.6810043292784531,-0.424397676182638,1.6455354799567277,-1.1716582300362504,-0.2100057093685144,-4.966146118361114,0.07928535387589625,0.13239058193181344,5.958968449478537,0.3857443234313364,0.7472824528241729,-4.075600848008235,-1.244791903167319,0.5178387842255481,-8.066107436108176
236.0000000000008,0.59,-0.007438674278373846,0.22481883616489612,8.512976118430108,-0.6170598216519141,-1.0909523352180086,-0.9503397197714015,1.1276875640058797,-0.5383314831445156,5.482216232858964,-0.05627500201229914,-0.13200801583406535,-6.10153924372538,-0.9896022377858833,0.8109654835218065,-9.16360893729662,1.0025994464884604,0.5677205732309568,0.3567624702126817,-0.14969213136724277,0.08074336169234828,-11.2429927667308,0.6789949364108002,-0.9316753809734664,1.7123647135049715,-1.1726603032118605,-0.47010889654224325,-5.137369029873582,0.08004484353118936,0.005976402656731304,6.495466021431835,0.38940851662832054,0.9951212747894437,-4.16330054522336,-1.2421224402283688,0.46020613977946884,-8.293579837158367
238.0000000000008,0.595,-0.006912527665777682,0.41009385069316373,8.772203230056164,-0.6224332896299742,-1.1900256840465024,-0.9628100311756035,1.1260506923802691,-0.8987151948873456,5.460244482641156,-0.05670662229110825,-0.21697870682069512,-5.780146940643398,-0.9873885434659848,1.5051383343501894,-9.131029512219088,1.0042075157719308,0.9981185440721179,0.3669285385373273,-0.14922059286654385,0.0593692622601418,-11.541610433307936,0.6765148252805655,-1.7034527442930623,1.6966735975158505,-1.1738832144809106,-0.8668627191434127,-5.1153483949067855,0.08050423162818394,-0.1875974110952686,6.164288906307263,0.39372174365540796,1.2999969319226503,-4.14733486624178,-1.239638628216519,0.3923732861535694,-8.268775684065554
240.0000000000008,0.6,-0.005567556802549267,0.3894505269491958,9.201459292877972,-0.6278576751695533,-1.305233918467639,-0.9699750517897651,1.1230522426753884,-0.8999757355078651,5.418322703919579,-0.05759869780668145,-0.20473727168444703,-5.247951084365712,-0.9829097042309047,1.620960715335901,-9.06854428216691,1.0074732672990117,0.985922618107286,0.37416126662709354,-0.1488976220675869,0.07202220209761019,-11.90092488181465,0.6712026497181564,-1.7030157501534113,1.6669630033362957,-1.1766343522799414,-0.8519601008005561,-5.07443327088074,0.07994744738404364,-0.15163286729335673,5.615890308477924,0.3990194441804283,1.4031077993937777,-4.116669317729585,-1.237542639993459,0.4126881309974651,-8.221120124879578
242.0000000000008,0.605,-0.0033837765557910146,0.34594019140903454,9.699899549634578,-0.6333303105529352,-1.430950488246491,-0.9744501112000136,1.1188162210213182,-0.9008852759386483,5.359141837442153,-0.058874857075368554,-0.17799776800018513,-4.6299799892015425,-0.976241225142206,1.7057072935324487,-8.97980056865994,1.0122638245908322,0.9608615861817075,0.3803084199525035,-0.1486380220912809,0.09802233772764406,-12.26715426234904,0.6632332464776175,-1.7019853488254695,1.6253955691172715,-1.1808148104131218,-0.8213371702299639,-5.018483650562225,0.07880332862190247,-0.07523389837395682,4.979105038375665,0.40504817899434253,1.4869629804392697,-4.07304432625731,-1.2356611272688294,0.4548280245247637,-8.15330247559528
244.0000000000008,0.61,-0.000774283694563927,0.2903669412967088,10.166679243065067,-0.6389892757820264,-1.5563080492464987,-0.9788505389924681,1.113789484376818,-0.9014959659691493,5.285392823956788,-0.06030114338365857,-0.14194606577539742,-4.051261969460083,-0.9680735377795996,1.7656147890899299,-8.868445693218042,1.0179865737571625,0.9301574154325165,0.38721776398408114,-0.14839979918149393,0.1298770756433589,-12.586516725009512,0.6535712955921169,-1.7004479280536093,1.5741339330097477,-1.1858561501737823,-0.7838186956566818,-4.951359526717992,0.07740158196061343,0.02355224848573855,4.382767906432277,0.41163774015400273,1.5513353313096718,-4.018200318395466,-1.2338633354730293,0.5072781411855746,-8.068012052207523
246.0000000000008,0.615,0.0018478250120699956,0.23353487383625746,10.500953615908394,-0.6449726508587375,-1.670439257331102,-0.9857916647532496,1.1084188897006277,-0.9018599553888311,5.199766604211414,-0.06164360001803849,-0.10176803501757781,-3.6368253394504926,-0.9590970737227983,1.8069199221584336,-8.738126977361073,1.0240489009077625,0.9010320729968617,0.3967370641923476,-0.14814095958209889,0.16009382233786773,-12.805230419894258,0.6431814770948208,-1.6984898755821891,1.515340733164715,-1.1911899328552322,-0.7482294453057633,-4.876920892114819,0.07607191401903053,0.1266783261085357,3.9557137230795494,0.41861791971626083,1.5959977082555339,-3.953877720714592,-1.2320185100364494,0.5585236554300048,-7.967938170711147
248.0000000000008,0.62,0.004069452795048754,0.18624808625171543,10.600421408948673,-0.6514185157849747,-1.7624767683637608,-0.9979621174969436,1.103151293951518,-0.902029393987156,5.102880175303549,-0.06266827026499532,-0.06264954573421724,-3.5072635269317387,-0.9500022645515145,1.83585941288808,-8.588873847566328,1.0298581921523922,0.8807075260118875,0.41093051439374895,-0.14781950953696485,0.18117998430428564,-12.865521454684066,0.6330284710188971,-1.6961975791556092,1.4502369596358882,-1.196247719750812,-0.7233941874022634,-4.797897443840013,0.07514403141600776,0.21609708731723665,3.8220773360160183,0.42581850973796886,1.620722967527426,-3.88004636054605,-1.229995896389469,0.5970497417081603,-7.852656657657136
250.0000000000008,0.625,0.005515572233877452,0.15838044751484012,10.33027688091152,-0.658481200941849,-1.8230978527841197,-1.0210317073140718,1.0983975298408781,-0.9019682275993007,4.895649428457568,-0.06316823126225912,-0.02898208899321464,-3.5159528524303556,-0.9414129813001246,1.8586551414164587,-8.246637861563714,1.0348645358541417,0.8756317296131472,0.4419542002607416,-0.14738454956752078,0.1863260606134164,-12.53655228387468,0.6240008896679206,-1.693620845255359,1.3339832060635402,-1.2004969967313015,-0.7182575583217351,-4.663035212989142,0.07493839818778908,0.2756306405326685,3.823762254197341,0.43309743740673995,1.6260275592310998,-3.7111496370619474,-1.2276643313647089,0.6125796939744548,-7.572588215832406
252.0000000000008,0.63,0.006592883997353403,0.14027753789695346,9.727561008361267,-0.6664925601681725,-1.8722427836289488,-1.0560365071276663,1.0938217741806382,-0.9001087278499718,4.5642901979928805,-0.06347060852949811,0.008655482127211199,-3.5374851442361113,-0.9326401864594525,1.8793598833671177,-7.685712456277505,1.0394408461543718,0.8766076502846386,0.49213012421122415,-0.14667080595211365,0.18294903414027885,-11.807913340269646,0.6153987293597456,-1.6900451015418383,1.158105047746811,-1.2042231724931314,-0.7386269388480713,-4.468622681818735,0.07548002035980234,0.3256505900024629,3.828012771182362,0.44080431656323016,1.6255104397169295,-3.4332368966773035,-1.224949523327789,0.6195923846174246,-7.10776181594503
254.0000000000012,0.635,0.007541059729912532,0.1253559035308528,8.900328137874657,-0.6753433413565906,-1.9172622820965752,-1.1011703002278999,1.0892298671161673,-0.8959321039733488,4.167091691681514,-0.06373401460630614,0.05028035794309904,-3.5712021048111735,-0.9234144345398163,1.8976766361032602,-7.006035828851357,1.0438815256444227,0.8784234383531422,0.5560890852519864,-0.1457142854560744,0.17594158552809788,-10.818173177925555,0.6067927031566759,-1.6848849998969064,0.9464212490403922,-1.207744038173472,-0.7765260009367979,-4.25042027192064,0.0765842314143128,0.3739780032619917,3.834800060407575,0.448961551930976,1.624329922292689,-3.0936672109396373,-1.2219335150356183,0.6255517493694542,-6.546688822392463
256.0000000000012,0.64,0.008372140925696464,0.11245622729907864,7.956632616029041,-0.6847766073679687,-1.9554772341485105,-1.1546268699049442,1.0846408111847574,-0.8895373939632776,3.762343117295727,-0.0639486000646411,0.09035133038397845,-3.6164454366176906,-0.9138816944877842,1.912794026575848,-6.307546176429326,1.0482405138638826,0.8805758269737544,0.6284618823897788,-0.14462640386810932,0.16617652493902252,-9.705900350899705,0.5981997497596089,-1.6777696520661551,0.7227505742991251,-1.211188534588782,-0.821450577426002,-4.044188404886807,0.07808744715654299,0.4166623378361311,3.844095295309466,0.4573954824074351,1.6224907405388787,-2.739799651396683,-1.218721903849768,0.6303023608601664,-5.977880599572504
258.0000000000012,0.645,0.009098169078848407,0.1004191920841628,7.004528789401179,-0.6945354210631799,-1.984208525746304,-1.2145999994489776,1.0800736089236973,-0.8810236358135993,3.408333682607545,-0.06410451547645807,0.12332719137940452,-3.672556842117837,-0.9041879352499171,1.9239006817358553,-5.690181696155044,1.0525717503523426,0.8825615493015742,0.7038793146313901,-0.14351857697692635,0.15452666253519662,-8.609663413248615,0.5896368078694368,-1.6683281697951835,0.5109117878777063,-1.2146856025555322,-0.8628965011537918,-3.885687502309086,0.07982608339171109,0.44975305124978415,3.855869649324548,0.46593244689007013,1.6199976280360184,-2.4189932895959574,-1.215420287131758,0.6336887917191896,-5.4898485118826095
260.0000000000012,0.65,0.009731185683509353,0.08808548076864028,6.15207100456804,-0.7043628453030929,-2.0007770428514964,-1.27928347215017,1.0755472628702873,-0.8704898675181584,3.1633525953890675,-0.06419191141371403,0.14366673285892223,-3.7388780237737835,-0.8944791257727762,1.930185228534253,-5.253880585172283,1.0569291746494027,0.8838773384916998,0.7769721809835961,-0.14250222057122844,0.1418648084787663,-7.6680309190290785,0.5811208161870549,-1.6561896648296124,0.33472365413088073,-1.2183641828901923,-0.8903596049582714,-3.810677985779347,0.08163655592503907,0.46929960102784296,3.87009429588932,0.47439878427633897,1.6168553183646084,-2.1786071970850496,-1.212134262243168,0.6355556145761498,-5.171103923720366
262.0000000000012,0.655,0.010286835065933319,0.0744772526995206,5.419528125208081,-0.7140441569829018,-1.9914290214762147,-1.3531247413841,1.0710776295595674,-0.8532359706379864,3.0213009259097574,-0.06418175801296093,0.14690893961780896,-3.897836754288007,-0.8848780099295173,1.9191924729417256,-4.989221217445506,1.0613582660978627,0.878535780257521,0.8471661688242171,-0.14166963167550653,0.12870359805633944,-6.9048849503932095,0.5726659285706269,-1.6314399926760927,0.19618097376201718,-1.2223367149147024,-0.8904283895879034,-3.813510053575537,0.08339239189979009,0.47006741017672965,3.985494200005142,0.4826481044789849,1.6030250745187988,-2.0171528986817058,-1.208952750785788,0.6318929453722226,-5.0120322206029995
264.0000000000012,0.66,0.0108046103993883,0.0605902830017257,4.689048161005351,-0.7238181537088508,-1.854085178965556,-1.4458490619131608,1.0666468306113874,-0.785735207103819,2.889820276623785,-0.06389433091565874,0.1397457095175192,-4.283910182272183,-0.8752558004419753,1.7847251742544388,-4.740968893309567,1.0658125431397527,0.8164506721079791,0.9210186658476784,-0.14090987301161256,0.11226325031250702,-6.165672573143103,0.564256385259843,-1.5072055471914227,0.0652980039275628,-1.2265258895423927,-0.8307906496781199,-3.835157300705669,0.08533857277649926,0.43817312810682485,4.362075251324346,0.4908303567455799,1.487302041100387,-1.866171030818693,-1.205783727475568,0.5876099552727301,-4.869506612938669
266.0000000000012,0.665,0.011282355201124273,0.04680682886144277,3.957264201597651,-0.7337702133922009,-1.5858296868754753,-1.5554168547286802,1.0622485437396774,-0.6663737471884781,2.772429754782955,-0.06332602826961758,0.12407445770345295,-4.860970406698975,-0.8655642434203121,1.5231601684031206,-4.517280865918526,1.0702742149966127,0.6959492010294128,0.9985074351284525,-0.14018565322842758,0.09218208619842297,-5.4470003034127155,0.555886557060305,-1.2804350305670478,-0.057584474147214036,-1.2308904088357027,-0.7134054029662624,-3.879916795552965,0.08753283913972838,0.37429052457262596,4.956605253245692,0.49900283029701786,1.2663651638112805,-1.7287277579906628,-1.202592325898858,0.5014758102469176,-4.744889587471252
268.0000000000012,0.67,0.011707359544269236,0.033128109320486834,3.22417970264463,-0.7438959931547221,-1.2132595166953306,-1.6795068027864883,1.0578831455253674,-0.50621959757711,2.675257897163179,-0.06252480622225046,0.09940867866982542,-5.588981405580983,-0.8558040541301302,1.1617329044608689,-4.330752700836712,1.0747432634565526,0.5299030418832235,1.0794223829520795,-0.1395007376853706,0.06897641774391125,-4.749896200752029,0.547556734588314,-0.9733437389306203,-0.17126627156778418,-1.2354216167323426,-0.5488149577876653,-3.953782987803644,0.08994874509552152,0.2828255023881468,5.72120159889947,0.5071655074610799,0.9634506627160435,-1.6098548939054054,-1.199378772419708,0.38246516258140656,-4.6435015823610675
270.0000000000012,0.675,0.012066913501950192,0.019555343420678894,2.4897981198059393,-0.7541911501181832,-0.762971639914455,-1.8157975890423947,1.0535510125493774,-0.31634076495486546,2.6044332405404065,-0.06153862092096936,0.06526186691085159,-6.427907156930768,-0.8459759478370361,0.7276788315008005,-4.193979963628466,1.0792196703076826,0.33118386953081563,1.1635534156041112,-0.13885889174186164,0.043162556978797846,-4.075388324711063,0.539267208460173,-0.6081469684098301,-0.2745471994396126,-1.2401108571699828,-0.3475616224776684,-4.062750327143927,0.09255984474992363,0.1681839643674032,6.607981681415959,0.5153183705655499,0.6017947578792232,-1.5145842522707609,-1.196143293402158,0.23955266456281796,-4.570663035768426
272.0000000000016,0.68,0.01234830714729419,0.00608975020383328,1.7541229087411014,-0.7646513414043554,-0.2615630280220728,-1.9619678964522602,1.0492525213926267,-0.1078052560068508,2.566084321690564,-0.06041542851318606,0.021147516920737623,-7.337711638761125,-0.8360806398066322,0.24823339859591587,-4.119558219858119,1.0837034173381235,0.11266335883354783,1.2506904393701008,-0.13826388075731955,0.015256815932901993,-3.424504734839679,0.5310182692921824,-0.20706001513226596,-0.36622706886818535,-1.244949474086334,-0.1201877053715636,-4.212813263260088,0.09533969220897928,0.03477181332438203,7.569062893925655,0.5234614019382106,0.20463366936529953,-1.4479476467945296,-1.1928861152102472,0.08171296847774226,-4.531694385853634
