,Unnamed: 0,q_fl1,qd_fl1,Tau_fl1,q_fl2,qd_fl2,Tau_fl2,q_fl3,qd_fl3,Tau_fl3,q_fr1,qd_fr1,Tau_fr1,q_fr2,qd_fr2,Tau_fr2,q_fr3,qd_fr3,Tau_fr3,q_bl1,qd_bl1,Tau_bl1,q_bl2,qd_bl2,Tau_bl2,q_bl3,qd_bl3,Tau_bl3,q_br1,qd_br1,Tau_br1,q_br2,qd_br2,Tau_br2,q_br3,qd_br3,Tau_br3
0,0,0.0261867251915926,0.0260990462278237,0.0,-0.8603671512478273,-1.437467947351466,-0.0,1.306168645024984,-0.631593439100713,-0.0,-0.0778812088912699,0.0219351639427481,0.0,-0.9856058395398164,2.1247952457923844,-0.0,1.2428696895756175,1.178861752012611,-0.0,-0.1852935473761787,0.0935646763655458,-0.0,0.4920917066378829,-1.9223389793770047,0.0,-1.2685558754025443,-0.6539056319864509,0.0,0.1229289322294478,-0.0491483236067524,-0.0,0.3996711866265698,1.712484114080996,0.0,-1.2126219403605454,-0.0297604297942419,0.0
1,1,0.0261946618484284,0.0353092319580223,0.0,-0.8637232412497822,-1.4741526754450478,-0.0,1.304871716236554,-0.6580304095966252,-0.0,-0.0778755644617644,0.044332274551959,0.0,-0.9801031337641616,2.112758086174669,-0.0,1.24595196281125,1.1661181381536574,-0.0,-0.1850574641437005,0.0936472326149216,-0.0,0.4871377210155199,-1.9116264157521172,0.0,-1.2701995761153009,-0.6549839305247278,0.0,0.1225870084711034,-0.0176302241455036,-0.0,0.4040475928919881,1.710923205440288,0.0,-1.2127917598309903,-0.025154999868396,0.0
2,2,0.0262176052523085,0.0439532663366066,0.0,-0.8671341166647846,-1.5082629652047093,-0.0,1.303511135946546,-0.6838559364831447,-0.0,-0.0778589786007,0.0656229989239183,0.0,-0.9746243935914832,2.101035474089004,-0.0,1.2490158034453689,1.1540696733773714,-0.0,-0.1848213049929652,0.093715803187034,-0.0,0.4822010742695063,-1.9011630686695775,0.0,-1.2718449731828168,-0.6560199945824506,0.0,0.1223030092838133,0.0132602116849019,-0.0,0.4084151843256743,1.7088782710016932,0.0,-1.2129396818984146,-0.0199696673148138,0.0
3,3,0.0262542555532917,0.0519823109149386,0.0,-0.8705987556391778,-1.5396665103689469,-0.0,1.3020893793285913,-0.7090230599330832,-0.0,-0.0778319724492551,0.085635908232977,0.0,-0.9691697908450084,2.0896651248097986,-0.0,1.2520610229823592,1.14280111361005,-0.0,-0.1845850699603586,0.0937716860696079,-0.0,0.4772818643977476,-1.891085467768761,0.0,-1.2734920640320984,-0.6570034218868791,0.0,0.1220715587833211,0.0431007272694511,-0.0,0.4127739331662671,1.706386281318519,0.0,-1.2130670380776238,-0.0142390155247201,0.0
4,4,0.026303312901437,0.0593475272443802,0.0,-0.8741161363193058,-1.568231004676256,-0.0,1.3006089215563217,-0.7334848201192524,-0.0,-0.0777950671486079,0.104199573653486,0.0,-0.963739497347964,2.0786847536114634,-0.0,1.2550874329266082,1.132397214777989,-0.0,-0.1843487590822661,0.0938161792503686,-0.0,0.4723801893981497,-1.881530142689041,0.0,-1.27514084609015,-0.657923810165273,0.0,0.1218872810853709,0.0714690659931307,-0.0,0.4171238116524051,1.7034842069440737,0.0,-1.2131751598834246,-0.00799762788934,0.0
5,5,0.0263634774468031,0.0660000768762934,0.0,-0.8776852368515122,-1.5938241418651329,-0.0,1.299072237803368,-0.7571942572144641,-0.0,-0.0777487838399367,0.121142566359796,0.0,-0.9583336849235774,2.0681320757684105,-0.0,1.258094844782501,1.1229427328074852,-0.0,-0.1841123723950736,0.0938505807170412,-0.0,0.467496147268618,-1.8726336230697929,0.0,-1.2767913167839788,-0.6587707571448922,0.0,0.1217448003057065,0.0979429712409275,-0.0,0.421464792022727,1.7002090184316638,0.0,-1.2132653788306236,-0.0012800877998983,0.0
6,6,0.026433449339449,0.07189112136204,0.0,-0.8813050353821407,-1.616313615674073,-0.0,1.297481803243362,-0.7801044113915296,-0.0,-0.0776936436644197,0.1362934575262581,0.0,-0.9529525253950756,2.0580448065550483,-0.0,1.2610830700544249,1.114522423624834,-0.0,-0.1838759099351667,0.0938761884573508,-0.0,0.4626298360070582,-1.8645324385503896,0.0,-1.278443473540589,-0.6595338605529963,0.0,0.1216387405600717,0.1221001863978282,-0.0,0.4257968465158714,1.6965976863345973,0.0,-1.213339026434027,0.0058790213523799,0.0
7,7,0.0265119287294335,0.0769718222529821,0.0,-0.8849745100575349,-1.6355671198415729,-0.0,1.2958400930499352,-0.8021683228232611,-0.0,-0.0776301677632353,0.149480818327223,0.0,-0.947596190585686,2.0484606612457887,-0.0,1.264051920246765,1.1072210431563332,-0.0,-0.1836393717389311,0.0938943004590225,-0.0,0.457781353611376,-1.8573631187702075,0.0,-1.2800973137869869,-0.6602027181168455,0.0,0.1215637259642104,0.1435184548488196,-0.0,0.4301199473704771,1.6926871812061812,0.0,-1.213397434208441,0.01344511617627,0.0
8,8,0.0265976157668156,0.0811933411004814,0.0,-0.8886926390240387,-1.6514523481061276,-0.0,1.2941495823967186,-0.8233390316824698,-0.0,-0.0775588772775617,0.1605332199370416,0.0,-0.9422648523186352,2.0394173551150425,-0.0,1.2670012068639072,1.101123347328277,-0.0,-0.1834027578427525,0.0939062147097816,-0.0,0.452950798079477,-1.8512621933686189,0.0,-1.2817528349501777,-0.6607669275636993,0.0,0.1215143806338665,0.1617755199788886,-0.0,0.4344340668251826,1.688514473599723,0.0,-1.2134419336686724,0.0213836132805468,0.0
9,9,0.0266892106016541,0.0845068394559,0.0,-0.8924584004279956,-1.663836994206234,-0.0,1.2924127464573445,-0.8435695781419675,-0.0,-0.0774802933485772,0.1692792335300648,0.0,-0.9369586824171507,2.03095260343722,-0.0,1.2699307414102383,1.096314092066964,-0.0,-0.1831660682830166,0.0939132291973532,-0.0,0.4481382674092669,-1.846366191985,0.0,-1.2834100344571666,-0.6612160866208177,0.0,0.1214853286847839,0.1764491251730219,-0.0,0.4387391771186266,1.684116534068531,0.0,-1.2134738563295275,0.0296599292739856,0.0
10,10,0.0267854133840078,0.0868634788705998,0.0,-0.8962707724157494,-1.6725887518803872,-0.0,1.290632060405443,-0.8628130023745659,-0.0,-0.0773949371174601,0.1755474302806433,0.0,-0.9316778527044598,2.023104121486731,-0.0,1.272840335390144,1.0928780332986887,-0.0,-0.1829293030961092,0.0939166419094623,-0.0,0.4433438595986513,-1.8428116442587232,0.0,-1.2850689097349597,-0.6615397930154602,0.0,0.1214711942327063,0.1871170138162063,-0.0,0.4430352504894476,1.679530333165911,0.0,-1.2134945337058125,0.0382394807653613,0.0
11,11,0.0268849242639357,0.0882144208959427,0.0,-0.9001287331336437,-1.6775753148670831,-0.0,1.2888099994146465,-0.8810223445530768,-0.0,-0.0773033297253886,0.1791663813631283,0.0,-0.926422535003789,2.0159096245379877,-0.0,1.2757298003080106,1.0908999269497484,-0.0,-0.1826924623184158,0.0939177508338342,-0.0,0.4385676726455358,-1.8407350798291648,0.0,-1.286729458210562,-0.6617276444748869,0.0,0.1214666013933778,0.1933569292934286,-0.0,0.4473222591762846,1.6747928414451718,0.0,-1.213505297312334,0.047087684363449,0.0
12,12,0.0269876994940414,0.0884997773228607,0.0,-0.90403390560731,-1.6785827144717602,-0.0,1.2869474309927296,-0.8981791227165677,-0.0,-0.0772026678810294,0.179969655716841,0.0,-0.9211931429624548,2.009409153745691,-0.0,1.2785983294068255,1.090469421395615,-0.0,-0.1824545420255552,0.0938137945845102,-0.0,0.4338102451900101,-1.8402376377844585,0.0,-1.288391732098174,-0.6617707796855838,0.0,0.1214704624124233,0.1948631835370091,-0.0,0.4516004788640184,1.669930499208078,0.0,-1.213506837182465,0.0562494737899738,0.0
13,13,0.0271242655127932,0.0874547356053736,0.0,-0.908049931022842,-1.6736492788651762,-0.0,1.285005634165055,-0.9149692949393112,-0.0,-0.0770097877666267,0.1780809158582814,0.0,-0.9159954900305728,2.003657898573828,-0.0,1.2814310546452323,1.09170249775773,-0.0,-0.1821913926692009,0.0910046099694552,-0.0,0.4290821745907075,-1.840465280501168,0.0,-1.290057049315703,-0.6617064743397595,0.0,0.1215873563192527,0.1944482337080527,-0.0,0.4558772092896487,1.6646892659633916,0.0,-1.2134836961887785,0.0676382704475285,0.0
14,14,0.0273024162009043,0.0851806953661836,0.0,-0.9121864771069844,-1.6629139839012568,-0.0,1.282973782450884,-0.9315929561755046,-0.0,-0.0767031117526416,0.1739709646784812,0.0,-0.9108297519533832,1.998561267291053,-0.0,1.2842268571099529,1.0943857066847256,-0.0,-0.1819003800008443,0.0848645097860756,-0.0,0.4243843553465272,-1.8409606374704568,0.0,-1.291725560481079,-0.6615665440943418,0.0,0.1218476470641156,0.1935452911819297,-0.0,0.4601533207418508,1.6589428068814729,0.0,-1.2134306362881104,0.0815550407079766,0.0
15,15,0.0275144173478592,0.0819412579595277,0.0,-0.9164195746520828,-1.647621239525726,-0.0,1.2808607386243596,-0.9479027012154264,-0.0,-0.0763023782001073,0.1681162179761465,0.0,-0.9056929207645922,1.9939793295924009,-0.0,1.2869926551958433,1.0982080169579498,-0.0,-0.181591796184382,0.076068254061868,-0.0,0.4197119685048566,-1.8416662880866197,0.0,-1.2933967118535612,-0.6613672093316948,0.0,0.1222292103618618,0.192259022915971,-0.0,0.4644257878378449,1.652685280719043,0.0,-1.213350135386652,0.0972910475880659,0.0
16,16,0.0277525347431421,0.0780000247396431,0.0,-0.9207252544504828,-1.6290154556843073,-0.0,1.2786753654596257,-0.963751124849356,-0.0,-0.0758273254700567,0.1609930915499837,0.0,-0.900581988497906,1.989772155172902,-0.0,1.2897353672977594,1.1028583973587518,-0.0,-0.1812759333837101,0.0652906028243293,-0.0,0.4150601951130829,-1.842524811743949,0.0,-1.2950699496924112,-0.6611246904341824,0.0,0.1227099219273411,0.1906940958675076,-0.0,0.468691585194851,1.6459108462328225,0.0,-1.2132446713905949,0.1141375541045441,0.0
17,17,0.0280090341762375,0.073620597060767,0.0,-0.92507954729453,-1.6083410423227245,-0.0,1.276426525730824,-0.9789908218675716,-0.0,-0.0752976919235232,0.1530780011986989,0.0,-0.895493947187031,1.985799813727588,-0.0,1.2924619118105578,1.1080258166684809,-0.0,-0.180963083762725,0.053206316100956,-0.0,0.4104242162185936,-1.843478787836739,0.0,-1.2967447202568885,-0.6608552077841691,0.0,0.1232676574754035,0.1889551769938706,-0.0,0.4729476874300894,1.6386136621795315,0.0,-1.2131167222061292,0.1313858232741589,0.0
18,18,0.0282761814366297,0.0690665762771364,0.0,-0.92945848397657,-1.5868424093867013,-0.0,1.274123082212099,-0.9934743870603528,-0.0,-0.0747332159215397,0.1448473627209983,0.0,-0.8904257888656734,1.9819223749514912,-0.0,1.2951792071290944,1.1133992436684848,-0.0,-0.1806635394853231,0.0404901539192449,-0.0,0.4057992128687761,-1.8444707957592823,0.0,-1.2984204698062534,-0.6605749817640183,0.0,0.1238802927208986,0.1871469332523909,-0.0,0.4771910691607799,1.6307878873158916,0.0,-1.212968765739447,0.1483271181136582,0.0
19,19,0.0285462423138029,0.0646015637429884,0.0,-0.933838095288948,-1.5657639668219616,-0.0,1.2717738976775936,-1.0070544152179777,-0.0,-0.0741536358251394,0.1367775919155881,0.0,-0.8853745055675389,1.977999908539643,-0.0,1.297894171648226,1.1186676471401131,-0.0,-0.1803875927154007,0.0278168763066928,-0.0,0.4011803661110176,-1.845443414905873,0.0,-1.3000966445997664,-0.6603002327560944,0.0,0.1245257033786763,0.1853740316003997,-0.0,0.4814187050041426,1.622427680398623,0.0,-1.212803279896739,0.1642527016397894,0.0
20,20,0.0288114825972417,0.0604891608125603,0.0,-0.93819441202401,-1.5463501245742288,-0.0,1.2693878349014511,-1.019583501130725,-0.0,-0.0735786899953555,0.1293451045811744,0.0,-0.8803370893263347,1.9738924841870755,-0.0,1.3006137237628084,1.1235199958647148,-0.0,-0.1801455356168539,0.0158612432907962,-0.0,0.3965628569927055,-1.8463392246708044,0.0,-1.3017726908966878,-0.6600471811427613,0.0,0.1251817651635866,0.1837411389952279,-0.0,0.4856275695773978,1.6135272001844467,0.0,-1.2126227425841962,0.1784538368693004,0.0
21,21,0.0290641680764303,0.0569929688400891,0.0,-0.9425034649741012,-1.5298452925892267,-0.0,1.2669737566578143,-1.0309142395888742,-0.0,-0.0730281167932209,0.1230263165164636,0.0,-0.8753105321757662,1.9694601715888205,-0.0,1.3033447818676978,1.1276452586236383,-0.0,-0.1799476603535793,0.005298014899052,-0.0,0.3919418665612271,-1.8471008044483692,0.0,-1.303448054956278,-0.659832047306383,0.0,0.125826353790479,0.1823529223942065,-0.0,0.4898146374977654,1.6040806054300836,0.0,-1.2124296317080097,0.190221786818939,0.0
22,22,0.0292965645408531,0.0543765891798118,0.0,-0.9467412849315674,-1.5174938808126797,-0.0,1.2645405257208264,-1.040899225382704,-0.0,-0.0725216545797691,0.1182976435201619,0.0,-0.8702918261495399,1.9645630404399097,-0.0,1.306094264357751,1.1307324041982325,-0.0,-0.1798042590894732,-0.0031980488410431,-0.0,0.3873125758639699,-1.8476707336328624,0.0,-1.3051221830377977,-0.6596710516293238,0.0,0.1264373449742036,0.1813140487546665,-0.0,0.4939768833824656,1.594082054892254,0.0,-1.2122264251743706,0.1988478145054529,0.0
23,23,0.0295009377799945,0.0529036231859657,0.0,-0.950883902688754,-1.51054029919031,-0.0,1.262097004864631,-1.0493910533024928,-0.0,-0.0720790417160329,0.1156355013909753,0.0,-0.8652779632813621,1.9590611604353751,-0.0,1.3088690896278234,1.1324704013698463,-0.0,-0.1797256239884317,-0.0089521879019925,-0.0,0.3826701659483211,-1.8479915916185756,0.0,-1.3067945214005063,-0.6595804144939473,0.0,0.1269926144296102,0.1807291850339391,-0.0,0.4981112818487184,1.5835257073276792,0.0,-1.2120156008894702,0.2036231829455897,0.0
24,24,0.0296713762608426,0.0532001227781801,0.0,-0.9549110113989224,-1.5097642768870736,-0.0,1.2596453201401927,-1.0564177918683704,-0.0,-0.0717133924387665,0.1154114360004593,0.0,-0.8602658564173487,1.952922078630843,-0.0,1.3116744978242576,1.1327213239087492,-0.0,-0.1797144421238632,-0.0116726836388005,-0.0,0.37801123677645,-1.8480120777936508,0.0,-1.3084644222090662,-0.6596235572162173,0.0,0.1274756148910671,0.1812759481555649,-0.0,0.5022192184456045,1.5723496478209011,0.0,-1.2117815137498824,0.2039385370038798,0.0
25,25,0.0298179201990052,0.0578018914542198,0.0,-0.9588401291461672,-1.5124957646376789,-0.0,1.2571438401939108,-1.063143585728337,-0.0,-0.0713867010682362,0.1170803424163702,0.0,-0.855254148123908,1.9467757350685304,-0.0,1.314501555699118,1.1325603282044268,-0.0,-0.1797210602827957,-0.0137419285438797,-0.0,0.3733436469791399,-1.8477407186017043,0.0,-1.3101311276832337,-0.6601247240007836,0.0,0.1279163956864281,0.1870390217368754,-0.0,0.5063284733802291,1.5601218823528906,0.0,-1.2114042860485243,0.2001748564410108,0.0
26,26,0.0299472859083975,0.0664261773379965,0.0,-0.9626919615753092,-1.517966724815607,-0.0,1.254589200489866,-1.0697295273355494,-0.0,-0.0710847552950102,0.120290329508517,0.0,-0.8502457662872305,1.9405805272590129,-0.0,1.3173452696123151,1.132230888163584,-0.0,-0.1797339953920758,-0.0156846273845567,-0.0,0.3686706859509577,-1.8471855894539928,0.0,-1.3117952712251737,-0.6610618236723885,0.0,0.1283310541611316,0.1983111004730249,-0.0,0.5104379155689208,1.5467189169197877,0.0,-1.210890029160108,0.1927379471678053,0.0
27,27,0.0300640940995298,0.0781920796361336,0.0,-0.9664838332113896,-1.526032060358895,-0.0,1.251987966684473,-1.0760775240004272,-0.0,-0.0708019437724938,0.1248102447723736,0.0,-0.8452440780375512,1.934131294568405,-0.0,1.3202026493922234,1.13173406280732,-0.0,-0.1797525516773351,-0.0174876164478636,-0.0,0.3639938450726412,-1.8463486299112704,0.0,-1.313457696973443,-0.6623366118438068,0.0,0.128728957564671,0.2144951361948705,-0.0,0.5145395878231454,1.532099069989047,0.0,-1.2102735062273295,0.1819366792020949,0.0
28,28,0.0301729654829124,0.0922186975552546,0.0,-0.97023306857945,-1.5365466742055796,-0.0,1.2493467044341466,-1.0820894830333894,-0.0,-0.0705326551540922,0.1304089357034139,0.0,-0.8402524505051046,1.9272228763628216,-0.0,1.323070704867218,1.131070911156734,-0.0,-0.1797760333642056,-0.0191377320208325,-0.0,0.3593146157249284,-1.8452317795342927,0.0,-1.3151192490666,-0.663850844127813,0.0,0.12911947314654,0.2349940807332689,-0.0,0.518625532954369,1.5162206600281245,0.0,-1.2095894803928855,0.1680799225617112,0.0
29,29,0.0302785207690557,0.1076251303019828,0.0,-0.9739569922045326,-1.549365469293697,-0.0,1.2466719793953005,-1.0876673117448543,-0.0,-0.0702712780932105,0.136855249797112,0.0,-0.8352742508201256,1.919650112008377,-0.0,1.325946445865673,1.1302424922329244,-0.0,-0.1798037446783189,-0.0206218103904954,-0.0,0.354634489288557,-1.8438369778838168,0.0,-1.316780771643201,-0.665506276137182,0.0,0.129511968156232,0.2592108859190772,-0.0,0.5226877937740579,1.4990420055044738,0.0,-1.2088727147994716,0.1514765472644858,0.0
30,30,0.0303853806684701,0.1235304770829416,0.0,-0.9776729286116784,-1.5643433485612834,-0.0,1.2439703572243492,-1.0927129174452423,-0.0,-0.070012201243254,0.1439180345489417,0.0,-0.8303128461128494,1.911207840871186,-0.0,1.3288268822159637,1.1292498650569902,-0.0,-0.1798349898453067,-0.0219266878438844,-0.0,0.3499549571442652,-1.842166164520596,0.0,-1.3184431088418038,-0.6672046634846887,0.0,0.1299158098432406,0.2865485035831525,-0.0,0.5267184130936781,1.4805214248855498,0.0,-1.2081579725897835,0.1324354233282504,0.0
31,31,0.030498165891666,0.1390538371047545,0.0,-0.9813982023259288,-1.5813352149463764,-0.0,1.2412484035777074,-1.097128207444971,-0.0,-0.0697498132576278,0.151366137454377,0.0,-0.8253716035135108,1.9016909023173616,-0.0,1.3317090237464648,1.1280940886500306,-0.0,-0.1798690730908009,-0.0230392006680315,-0.0,0.3452775106727905,-1.8402212790053865,0.0,-1.3201071048009652,-0.6688477617831072,0.0,0.1303403654570595,0.3164098855563511,-0.0,0.5307094337246955,1.460617236638808,0.0,-1.207480016906518,0.1112654207708366,0.0
32,32,0.0306214971491538,0.1533143095740448,0.0,-0.9851501378723262,-1.6001959713870122,-0.0,1.2385126841117893,-1.10081508905446,-0.0,-0.069478502789737,0.1589684060088917,0.0,-0.8204538901523443,1.89089413571302,-0.0,1.3345898802855507,1.1267762220331443,-0.0,-0.1799052986404331,-0.0239461851499688,-0.0,0.340603641254871,-1.8380042608989444,0.0,-1.321773603659243,-0.6703373266452128,0.0,0.1307950022471821,0.3481979836695306,-0.0,0.5346528984785763,1.4392877592317028,0.0,-1.2068736108923708,0.0882754096100758,0.0
33,33,0.0307599951514438,0.1654309936974358,0.0,-0.9889460597759115,-1.6207805208212274,-0.0,1.235769764483009,-1.1036754695841284,-0.0,-0.069192658492987,0.1664936877079599,0.0,-0.8155630731595851,1.8786123804242745,-0.0,1.3374664616615963,1.1252973242274305,-0.0,-0.179942970719835,-0.0246344775767285,-0.0,0.3359348402712446,-1.8355170497620243,0.0,-1.3234434495551943,-0.67157511368378,0.0,0.1312890874631021,0.3813157497535476,-0.0,0.5385408501667869,1.4164913111316892,0.0,-1.2063735176900376,0.0637742598637999,0.0
34,34,0.0309182806090464,0.1745229886815512,0.0,-0.992803292561727,-1.6429437661870587,-0.0,1.2330262103477816,-1.1056112563443945,-0.0,-0.0688866690207829,0.1737108300470554,0.0,-0.8107025196654681,1.86464047581724,-0.0,1.3403357777029767,1.1236584542539878,-0.0,-0.1799813935546385,-0.0250909142353424,-0.0,0.3312725991026491,-1.8327615851553825,0.0,-1.3251174866273765,-0.6724628785115835,0.0,0.1318319883543129,0.4151661356392589,-0.0,0.5423653316007928,1.3921862108062224,0.0,-1.206014500442215,0.0380708415498405,0.0
35,35,0.0311009742324719,0.1797093937330141,0.0,-0.9967391607548136,-1.6665406104225424,-0.0,1.230288587362521,-1.1065243566456782,-0.0,-0.0685549230265299,0.1803886805216521,0.0,-0.8058755968002281,1.8487732612580303,-0.0,1.3431948382380663,1.1218606711339152,-0.0,-0.1800198713704752,-0.0253023314128428,-0.0,0.3266184091298222,-1.8297398066397732,0.0,-1.326796559014347,-0.672902376741398,0.0,0.1324330721703082,0.4491520931575218,-0.0,0.5461183855920605,1.366330776722757,0.0,-1.2058313222915984,0.0114740246860291,0.0
36,36,0.0313238429591359,0.1812902012065923,0.0,-1.0007113167413764,-1.70081987927589,-0.0,1.227452484732315,-1.0868345860508803,-0.0,-0.0681954559332296,0.1867685031782893,0.0,-0.8009886391399795,1.8208101192676875,-0.0,1.3461170478349875,1.1114901007186604,-0.0,-0.1800622312463158,-0.0224424084905491,-0.0,0.3218617183529765,-1.8134888883916933,0.0,-1.3285272037155684,-0.6677353181898628,0.0,0.1330995859121887,0.4867968481364882,-0.0,0.5498310668166507,1.335729534218146,0.0,-1.2058066149630182,-0.0208431122799553,0.0
37,37,0.0316196984013718,0.1825195906004028,0.0,-1.0045652215369885,-1.7716585062465104,-0.0,1.224229368388394,-0.9921942167052812,-0.0,-0.0678168833183119,0.1940777961987852,0.0,-0.7957892295699881,1.752971560332432,-0.0,1.3493009952552113,1.0690799520342666,-0.0,-0.1801205480831462,-0.0086719395286577,-0.0,0.3167112464930655,-1.747857675606904,0.0,-1.3304282248389834,-0.6428182745332197,0.0,0.1338327044292578,0.5391151316764551,-0.0,0.5536056312080676,1.2918791378664851,0.0,-1.205794449753163,-0.0728304414211978,0.0
38,38,0.0319811063031179,0.183651288485875,0.0,-1.008338756094028,-1.8735043630832648,-0.0,1.2207155449085036,-0.833125627341767,-0.0,-0.067420158093512,0.2021285439040118,0.0,-0.7903638984832216,1.651045124018804,-0.0,1.352678629462502,0.9991436001946368,-0.0,-0.1801920309541368,0.0144730364238686,-0.0,0.3112699363554391,-1.6398074794347903,0.0,-1.3324560764847675,-0.6009058770092277,0.0,0.1346381448110301,0.6035546554931261,-0.0,0.5574161751843202,1.2371299700027223,0.0,-1.2057833953655834,-0.1412904636919263,0.0
39,39,0.0323977944255877,0.1846814804505217,0.0,-1.0120842081964327,-1.998498494245273,-0.0,1.2170350354390878,-0.6249247263099146,-0.0,-0.067005492575701,0.2106223553882711,0.0,-0.7848234925953704,1.5232771752718623,-0.0,1.3561627623381387,0.9082549178348888,-0.0,-0.1802727873611439,0.0447669169879586,-0.0,0.3056689057545955,-1.4994743204020526,0.0,-1.334555668640772,-0.5459942653299781,0.0,0.1355220577067409,0.6765587779407507,-0.0,0.5612272958032198,1.1746171917031527,0.0,-1.205773459491488,-0.2217657112846157,0.0
40,40,0.0328594905299941,0.1856063520818556,0.0,-1.015853865628141,-2.1387819441916545,-0.0,1.2133118611265898,-0.3828874219593022,-0.0,-0.0665730990817504,0.2192608397458653,0.0,-0.779278858622124,1.3779140790366664,-0.0,1.3596662057634012,0.8029877775901402,-0.0,-0.1803589248060238,0.0799840997845401,-0.0,0.3000392725050329,-1.3369942190353925,0.0,-1.3366719112948493,-0.4820795792075611,0.0,0.1364905937656252,0.754570857373579,-0.0,0.5650035901225781,1.1074759640440723,0.0,-1.2057646498220858,-0.309798716391741,0.0
41,41,0.0333559223775504,0.1864220889673895,0.0,-1.01970001617309,-2.2864957573815308,-0.0,1.2096700431174536,-0.1223096226395046,-0.0,-0.0661231899285311,0.2277456060710966,0.0,-0.7738408432791722,1.2232022002582728,-0.0,1.3631017716195688,0.6899160520955073,-0.0,-0.1804465507906327,0.117898982434542,-0.0,0.2945121544212498,-1.1625031958615084,0.0,-1.3387497144348506,-0.413157958354067,0.0,0.1375499036369183,0.8340342521458612,-0.0,0.568709655200206,1.0388414481017758,0.0,-1.2057569740485856,-0.4009320112057782,0.0
42,42,0.0338768177294697,0.1871248766946361,0.0,-1.0236749476152185,-2.4337809782740214,-0.0,1.2062336025581233,0.1415127632998999,-0.0,-0.0656559774329146,0.2357782634582668,0.0,-0.768620293282205,1.0673879038817404,-0.0,1.3663822717879213,0.5756136139861083,-0.0,-0.180531772816827,0.1562859625588924,-0.0,0.2892186693177442,-0.9861372714071018,0.0,-1.3407339880486286,-0.3432255424815865,0.0,0.1387061379698554,0.9113923206118472,-0.0,0.5723100880939149,0.971848804952559,0.0,-1.205750439862196,-0.4907081279192024,0.0
43,43,0.0344119043469654,0.1877109008511082,0.0,-1.0278309477384628,-2.572778651328246,-0.0,1.2031265605950423,0.3932838275093335,-0.0,-0.0651716739117721,0.2430604210016783,0.0,-0.7637280553469121,0.9187175548521288,-0.0,1.369420518149738,0.4666543358970614,-0.0,-0.180610698386463,0.1929194377785195,-0.0,0.2842899350090146,-0.8180324661988738,0.0,-1.3425696421240343,-0.2762784713022107,0.0,0.1399654474136716,0.9830884211257868,-0.0,0.5757694858615161,0.9096331956727176,0.0,-1.2057450549541262,-0.5746695987244883,0.0
44,44,0.0349509099912504,0.1881763470243184,0.0,-1.0322203043267626,-2.6956298210033265,-0.0,1.2004729383746549,0.6177076616392212,-0.0,-0.0646704916819747,0.2492936877956329,0.0,-0.7592749761889833,0.7854375181144947,-0.0,1.3721293225862992,0.3696120904634823,-0.0,-0.1806794350013968,0.2255738057143519,-0.0,0.2798570693095592,-0.668324800763523,0.0,-1.3442015866489203,-0.2163128845280293,0.0,0.1413339826176022,1.0455659120419305,-0.0,0.579052445560821,0.8553297813385461,0.0,-1.2057408270155847,-0.6483589558141123,0.0
45,45,0.0354835624235381,0.1885174008017797,0.0,-1.0368953051640544,-2.7944755317583816,-0.0,1.1983967570434049,0.7994883573399862,-0.0,-0.0641526430603938,0.2541796729344331,0.0,-0.7553719025241082,0.6757941586138967,-0.0,1.3744214969788833,0.2910607503204893,-0.0,-0.1807340901634848,0.2520234639873182,-0.0,0.2760511900338763,-0.5471502956277499,0.0,-1.3455747316111382,-0.1673249218711331,0.0,0.1428178942308823,1.0952681517145275,-0.0,0.5821235642496408,0.8120737230263404,0.0,-1.2057377637377804,-0.7073187313805491,0.0
46,46,0.0359995894050416,0.1887302477710045,0.0,-1.0419082380342763,-2.861456828052532,-0.0,1.1970220377477354,0.9233300062620486,-0.0,-0.0636183403639005,0.2574199855123806,0.0,-0.7521296810679768,0.5980338412953938,-0.0,1.376209853208771,0.2375741881032,-0.0,-0.1807707713745832,0.2700428102183461,-0.0,0.2730034149964641,-0.4646449713182561,0.0,-1.3466339869985398,-0.133310723043613,0.0,0.1444233329027471,1.1286384984978286,-0.0,0.5849474389857868,0.783000181812396,0.0,-1.2057358728119223,-0.7470914576162737,0.0
47,47,0.036488718696974,0.1888110735195059,0.0,-1.0473113907213665,-2.8887147543448988,-0.0,1.1964728016340906,0.9739367000558348,-0.0,-0.0630677959093661,0.2587162346237777,0.0,-0.7496591585362791,0.5604029311040437,-0.0,1.377407203157241,0.2157262764467316,-0.0,-0.1807855861365484,0.2774062420283645,-0.0,0.270844862011821,-0.4309448483617415,0.0,-1.347324262798977,-0.1182664277575594,0.0,0.1461564492824318,1.1421203107460831,-0.0,0.5874886668270703,0.7712443187730081,0.0,-1.2057351619292191,-0.7632196667137621,0.0
48,48,0.037052721952493,0.1121024478561258,0.0,-1.0541406326987883,-2.696149189514097,-0.0,1.1978437658900718,0.9017286558375904,-0.0,-0.062403567899229,0.2210763577521119,0.0,-0.7479457092053386,0.5507679280153662,-0.0,1.378086535090952,0.2230583970415149,-0.0,-0.1804357943087981,0.2595314612644342,-0.0,0.2695054004598138,-0.4355433433668747,0.0,-1.347703669526454,-0.1168019876558499,0.0,0.1489146205090711,0.9320535016577576,-0.0,0.5895704966352572,0.8746127475772449,0.0,-1.2070043159091308,-0.6598200385987927,0.0
49,49,0.0376479387818687,-0.0556835404845377,0.0,-1.062279554577016,-2.1852661910101885,-0.0,1.2010758525883063,0.6800070020483417,-0.0,-0.0616543845545001,0.1387222572027651,0.0,-0.7466331811276118,0.54378726605637,-0.0,1.3785709583754582,0.2395149503654061,-0.0,-0.1795687223003806,0.2202927517272491,-0.0,0.268523075672188,-0.4505540365170929,0.0,-1.347974261576196,-0.1160594400314477,0.0,0.1525785453368337,0.456186798342618,-0.0,0.5913305138113427,1.1009341620429898,0.0,-1.2097803449236368,-0.3715237734271397,0.0
50,50,0.0379397946334302,-0.1542584328328734,0.0,-1.0691398702929795,-1.6112956146503352,-0.0,1.203659550773103,0.3568512334692689,-0.0,-0.0611021414712067,0.090338916755925,0.0,-0.7453590389031834,0.5409156382227533,-0.0,1.3790693293752565,0.2491832366649365,-0.0,-0.1787470152845396,0.1972398638981275,-0.0,0.267528400562146,-0.4725970533381278,0.0,-1.3482357326326313,-0.114610210449623,0.0,0.1548071948244309,0.1270726603573242,-0.0,0.5933594871798573,1.233898835003569,0.0,-1.2114112722970551,-0.0122883287873637,0.0
51,51,0.0377107080076411,-0.133986926148493,0.0,-1.0745615054280395,-0.9234491675548656,-0.0,1.204905277816418,-0.6212446329928714,-0.0,-0.0608484061711504,0.23303914084723,0.0,-0.7440851921337959,0.754078847168681,-0.0,1.3797998937671274,0.2000685278275115,-0.0,-0.1782465795237942,0.2677573003106596,-0.0,0.2663984591224947,-0.5412959790452173,0.0,-1.3485878853855562,0.0458233921511004,0.0,0.1553051772852211,0.0432692676237678,-0.0,0.5962834038915276,1.105688729268227,0.0,-1.2114119998066322,0.562332310794997,0.0
52,52,0.0372075497152946,-0.0935422336949897,0.0,-1.07923459024414,-0.1597674024154509,-0.0,1.2058735159303098,-2.133677724264123,-0.0,-0.0606738219024424,0.5418438769494174,0.0,-0.7428348951814474,1.2015746162714398,-0.0,1.380571949708134,0.0933974497092267,-0.0,-0.177808364180491,0.4280055847912165,-0.0,0.2652316534521881,-0.6491580421440338,0.0,-1.3489418690022177,0.3847256253735156,0.0,0.1556310339051383,-0.013686934402833,-0.0,0.5997205661867541,0.8520561898272454,0.0,-1.211403735462119,1.2848266856145774,0.0
53,53,0.0367875684174676,-0.0719226155002551,0.0,-1.0811907228335416,0.195031331081946,-0.0,1.2062571303151697,-2.90450233100289,-0.0,-0.0604109708951884,0.7886102030606482,0.0,-0.7412503113204683,1.5219396892650163,-0.0,1.3809491948166512,0.0069938062591781,-0.0,-0.1772451249004475,0.577235675977241,-0.0,0.2639371222767666,-0.7070542456638176,0.0,-1.349100331599444,0.6413244887267736,0.0,0.1557467257528348,-0.0344678038705026,-0.0,0.6026767080817934,0.7164811648247351,0.0,-1.211391521615824,1.633985076111206,0.0
54,54,0.0365406030356427,-0.072164098787554,0.0,-1.0810411953928944,0.1570302318942192,-0.0,1.2042497231818383,-2.827445460786354,-0.0,-0.0597809634639259,0.9302400905718538,0.0,-0.7390498116809154,1.6587808332046658,-0.0,1.3809907674460642,-0.0441549093983678,-0.0,-0.1764603187831491,0.6942188367552072,-0.0,0.2624708093936124,-0.7116224104907394,0.0,-1.3488219239943016,0.7706275961488385,0.0,0.1557203005489072,-0.0330364567674814,-0.0,0.6049031154981555,0.7387443161291015,0.0,-1.210128255830499,1.572921943921172,0.0
55,55,0.0363244984385013,-0.0728036183456722,0.0,-1.08064520226294,0.0563920203128917,-0.0,1.1988965107498424,-2.62337595294561,-0.0,-0.0586671529835922,1.066728778296426,0.0,-0.7362475498088161,1.7841578278696286,-0.0,1.3810260099788554,-0.0938001621883478,-0.0,-0.1754869356160258,0.8183745990243173,-0.0,0.2608651354894217,-0.7154886150625808,0.0,-1.3480488672973998,0.8920287527307583,0.0,0.1556503187504649,-0.0292458239784517,-0.0,0.6068380370562583,0.7977037614958706,0.0,-1.2068048749321605,1.411208610662013,0.0
56,56,0.0361330462648487,-0.0737335086259455,0.0,-1.080069410392425,-0.0899404781785199,-0.0,1.1910377024215826,-2.326649684870818,-0.0,-0.0571343717217921,1.1953514039816933,0.0,-0.7329288112814444,1.897083204104952,-0.0,1.381055343467833,-0.140868428362162,-0.0,-0.1743366418727693,0.9445604811408006,-0.0,0.2591455952602882,-0.7187007430815304,0.0,-1.3468523471672462,1.0038527115467504,0.0,0.1555485620593029,-0.0237340729430717,-0.0,0.6085594220978247,0.8834334541704569,0.0,-1.2019790047730396,1.1760701307212815,0.0
57,57,0.0359600381534902,-0.0748461040797097,0.0,-1.0793804867300971,-0.2650244380965044,-0.0,1.1815135075994605,-1.971622533952124,-0.0,-0.0552474519461303,1.3133831053749894,0.0,-0.7291788816760746,1.996569492755688,-0.0,1.381079188965807,-0.1842861841712118,-0.0,-0.1730211040270711,1.0676340014608905,-0.0,0.2573376834023055,-0.721306678249778,0.0,-1.3453035492623495,1.104424225671035,0.0,0.155426812177216,-0.0171393711009992,-0.0,0.6101452199645766,0.9860073473982782,0.0,-1.1962082712053683,0.894731558486523,0.0
58,58,0.035799265743231,-0.0760337391583005,0.0,-1.0786450982247031,-0.4519170339575451,-0.0,1.171164135685877,-1.5926503775796843,-0.0,-0.0530712259242119,1.4180990202236423,0.0,-0.72508304656998,2.0816292246668837,-0.0,1.381097967525585,-0.2229799058668974,-0.0,-0.1715519885526229,1.1824526783408158,-0.0,0.2554668946115674,-0.7233543042695123,0.0,-1.343473659241218,1.1920680481778296,0.0,0.1552968508059994,-0.0100998858918922,-0.0,0.6116733799982369,1.0954993944247493,0.0,-1.1900503000813796,0.5944179483452888,0.0
59,59,0.0356445206728766,-0.0771887483130536,0.0,-1.0779299118249903,-0.6336754402781274,-0.0,1.1608297960832334,-1.2240890931436543,-0.0,-0.0506705259236415,1.506774286274983,0.0,-0.7207265915404351,2.151274930683586,-0.0,1.381112100199977,-0.2558760697006191,-0.0,-0.1699409619231164,1.2838740301368077,-0.0,0.2535587235841677,-0.7248915048429226,0.0,-1.34143386276236,1.2651089321413522,0.0,0.1551704596474478,-0.0032537847554089,-0.0,0.6132218515405281,1.2019835484952868,0.0,-1.1840627172533051,0.3023543546851298,0.0
60,60,0.0354895945812322,-0.0782034659953048,0.0,-1.077301594479705,-0.7933568315747364,-0.0,1.1513506981939308,-0.9002945580341872,-0.0,-0.0481101842120241,1.5766840412763414,0.0,-0.7161948021647135,2.2045191416508465,-0.0,1.3811220080417914,-0.2819011519237777,-0.0,-0.1681996906122432,1.3667555752050955,-0.0,0.2516386650162001,-0.7259661636721979,0.0,-1.3392553454842833,1.3218716306358214,0.0,0.1550594204033564,0.0027607648687926,-0.0,0.6148685839331722,1.295533762855305,0.0,-1.1788031485733763,0.0457658318935951,0.0
61,61,0.0353282791071031,-0.0789702266563899,0.0,-1.076826813137595,-0.9140183823638572,-0.0,1.1435670514203709,-0.6556226496414372,-0.0,-0.0454550330569645,1.6251034229750476,0.0,-0.7115729640200896,2.240374388413712,-0.0,1.3811281121038377,-0.2999816287877734,-0.0,-0.166339841093695,1.425954831901912,-0.0,0.2497322136037582,-0.7266261644595272,0.0,-1.3370092930654964,1.360680896735455,0.0,0.15497551477552,0.0073055955410546,-0.0,0.6166915265178918,1.366223990750221,0.0,-1.1748292198938262,-0.1481225656417639,0.0
62,62,0.0351543658892947,-0.0793813647476446,0.0,-1.0765722347474074,-0.9787172671619744,-0.0,1.1383190651649544,-0.5244292453555612,-0.0,-0.0427699047260675,1.6493075691184318,0.0,-0.706946362683837,2.257853201817232,-0.0,1.3811308334389236,-0.3090439765440068,-0.0,-0.1643730798411635,1.456329318583486,-0.0,0.2478648640429359,-0.7269193909070999,0.0,-1.3347668911645083,1.379861483514471,0.0,0.1549305244657337,0.0097425398217189,-0.0,0.6187686286364095,1.4041281854254497,0.0,-1.1726985570668862,-0.2520857835333974,0.0
63,63,0.0349593198542991,-0.0786027202402703,0.0,-1.0767616241870035,-0.9800018967888596,-0.0,1.1358352869148196,-0.5130149428623324,-0.0,-0.0398999221184084,1.6385823826436612,0.0,-0.7021480584443264,2.2304417213354126,-0.0,1.3810632303276047,-0.3004638006918742,-0.0,-0.162126777139462,1.4463700462184412,-0.0,0.2459943741576942,-0.7192280730264949,0.0,-1.3324704187952905,1.377186711909416,0.0,0.1549282479809702,0.0053540958475053,-0.0,0.6212279698686739,1.40168487134749,0.0,-1.1725446910100183,-0.25085491489388,0.0
64,64,0.0347336138865906,-0.073856149505245,0.0,-1.078005160649404,-0.9498172251384356,-0.0,1.1339947138425686,-0.5227136001728541,-0.0,-0.0360605082411732,1.5629487307306056,0.0,-0.6962896491212957,2.062242816166849,-0.0,1.3806702672890443,-0.2457827391729938,-0.0,-0.1589282289484616,1.37172041516765,-0.0,0.2438840414393853,-0.674429219750469,0.0,-1.3296620893451172,1.3512576215693757,0.0,0.1549409081560029,-0.0214664051183717,-0.0,0.6242733335739467,1.365755787578103,0.0,-1.1728774144445255,-0.1839981339948393,0.0
65,65,0.0344848620993035,-0.0655929559056647,0.0,-1.0801705795640446,-0.8961016686889791,-0.0,1.132469402867624,-0.5407399011334362,-0.0,-0.0313894628287762,1.4306860831840456,0.0,-0.6895434739452292,1.7694292894686314,-0.0,1.379986167157312,-0.1505897624357225,-0.0,-0.1549149754574461,1.2417646243567813,-0.0,0.2415811152119513,-0.5961855271115765,0.0,-1.326385525562696,1.30611827670304,0.0,0.1549629479576069,-0.0681575858235076,-0.0,0.6278097567170124,1.3032076888315232,0.0,-1.1734566448632695,-0.0676087331297199,0.0
66,66,0.0342221973564879,-0.0546320304513199,0.0,-1.0830439133792695,-0.8229047455482761,-0.0,1.131194385566836,-0.5665532094179592,-0.0,-0.0261330261048864,1.2542541177740654,0.0,-0.6822064546020011,1.381019263794539,-0.0,1.3790787249611614,-0.0243185926730525,-0.0,-0.150317354049804,1.069381426713837,-0.0,0.2391662561940284,-0.4919735159616689,0.0,-1.3227459764743956,1.246242032951109,0.0,0.1549921832187077,-0.1300923020947483,-0.0,0.6317130988237781,1.220239156216351,0.0,-1.1742249799342364,0.0867789780117967,0.0
67,67,0.0339547525221942,-0.0417922641520012,0.0,-1.0864111945434225,-0.7342759738241131,-0.0,1.1301046935170576,-0.5996128887003026,-0.0,-0.0205374382931731,1.0461125122707506,0.0,-0.674575512777485,0.926030861698358,-0.0,1.3780157357293443,0.1235970479220224,-0.0,-0.1453657021089238,0.8674495751668212,-0.0,0.2367201251042526,-0.369269707152599,0.0,-1.3188486911065849,1.176102245954283,0.0,0.1550264297722306,-0.2026434097589392,-0.0,0.63585921942015,1.1230487708411878,0.0,-1.1751250173254106,0.2676306897400269,0.0
68,68,0.0336916604604725,-0.0278925480174988,0.0,-1.090058455504847,-0.6342648716242749,-0.0,1.1291353582951398,-0.6393783026543477,-0.0,-0.0148489396173053,0.8187209444441802,0.0,-0.6669475701575545,0.4334822057338575,-0.0,1.376864994490614,0.2837234371565139,-0.0,-0.1402903570181938,0.6488478226437311,-0.0,0.2343233826612599,-0.2355506215362152,0.0,-1.3147989184856326,1.10017227135326,0.0,0.1550635034511013,-0.2811837646429278,-0.0,0.640123978032035,1.017835113814631,0.0,-1.1760993547047771,0.4634120923652934,0.0
69,69,0.0334420540353732,-0.0137517730576036,0.0,-1.0937717287118869,-0.5269209570565475,-0.0,1.1282214114779348,-0.6853088149539742,-0.0,-0.0093137703009521,0.5845390920644399,0.0,-0.6596195484280837,-0.0676085815451781,-0.0,1.3756942962737224,0.4466268528374277,-0.0,-0.1353216561610024,0.4264549220725698,-0.0,0.2320566895836864,-0.09829277996437,0.0,-1.3107019076379072,1.0229254647887407,0.0,0.1551012200882449,-0.3610862225735595,-0.0,0.6443832341853397,0.9107967662452828,0.0,-1.1770905897403214,0.6625888761979131,0.0
70,70,0.0332150661109465,-0.0001888302821059,0.0,-1.0973370466128856,-0.4162937482287175,-0.0,1.127297884642294,-0.7368637892730625,-0.0,-0.0041781705677827,0.3560266329016129,0.0,-0.652888369274946,-0.5482233775849692,-0.0,1.3745714361074226,0.6028735727717721,-0.0,-0.1306899369207381,0.2131496263813396,-0.0,0.2300007065901681,0.0350272967110849,0.0,-1.3066629075897782,0.9488351819014248,0.0,0.155137395516587,-0.4377236393776804,-0.0,0.6485128474059706,0.808132309241743,0.0,-1.1780413201000286,0.8536267315482042,0.0
71,71,0.0330198295512426,0.0119773892992036,0.0,-1.1005404416561873,-0.3064327632485707,-0.0,1.126299809365069,-0.7935025892854927,-0.0,0.0003116193585336,0.1456432447257836,0.0,-0.6470509543840155,-0.9793440598317348,-0.0,1.373564209020467,0.7430298747665552,-0.0,-0.1266255366807893,0.0218106884980422,-0.0,0.2282360943993411,0.1569330876382988,0.0,-1.3027871673676137,0.8823747783320118,0.0,0.1551698455690529,-0.5064688708821364,-0.0,0.6523886772198344,0.7160403239126114,0.0,-1.178894143451883,1.0249913487264857,0.0
72,72,0.0328654772203118,0.0219279946765345,0.0,-1.1031679462901351,-0.2013875202238929,-0.0,1.1251622172231115,-0.8546845786651449,-0.0,0.0039093592543279,-0.034151394692965,0.0,-0.6424042254411658,-1.331952505731695,-0.0,1.3727404100416083,0.8576620366287842,-0.0,-0.1233587928245442,-0.134683138649321,-0.0,0.2268435137298413,0.2599480719654201,0.0,-1.299179935997782,0.828017609721202,0.0,0.1551963860785682,-0.5626947729137736,-0.0,0.6558865831528378,0.6407193913664889,0.0,-1.1795916574638703,1.1651484180430756,0.0
73,73,0.0327611419822043,0.0288440948400961,0.0,-1.105005592963073,-0.1052075372624714,-0.0,1.1238201397932732,-0.9198691210858988,-0.0,0.006368808895931,-0.170897607584548,0.0,-0.6392451041322706,-1.5770305927310666,-0.0,1.372167834199599,0.9373363361654669,-0.0,-0.1211200427353915,-0.2434531021327464,-0.0,0.2259036253003049,0.3365957288405965,0.0,-1.2959464625066532,0.7902370317096951,0.0,0.1552148328780582,-0.6017742012994378,-0.0,0.6588824247308871,0.5883680927119761,0.0,-1.1800764598039752,1.2625636298082914,0.0
74,74,0.0327159567009704,0.0319067987800981,0.0,-1.1058394141233456,-0.0219423324720899,-0.0,1.1222086086524063,-0.988515580221636,-0.0,0.0074437280596737,-0.2521357161788846,0.0,-0.6378705121432039,-1.6855601982760788,-0.0,1.3719142765231922,0.9726190511836132,-0.0,-0.1201396237967194,-0.2916204490242369,-0.0,0.2254970898293679,0.3793995374119789,0.0,-1.2931919959205953,0.7735063999381901,0.0,0.1552230018004483,-0.6190800118659758,-0.0,0.6612520614798892,0.5651850090576713,0.0,-1.180291148140183,1.3057026743324545,0.0
75,75,0.0327597446881772,0.0217210734065639,0.0,-1.1058936013058984,0.0593607934645874,-0.0,1.120177673936988,-1.1051683757330697,-0.0,0.0072268836455103,-0.2828607631969198,0.0,-0.6395274949715328,-1.669957269574466,-0.0,1.3730096102539149,0.9205829307775256,-0.0,-0.1204116597915325,-0.2876545009803868,-0.0,0.2258598852286974,0.3921718770253205,0.0,-1.290987487760605,0.786014013505403,0.0,0.15460680208482,-0.6183389592794949,-0.0,0.6629403243431082,0.5900315871087168,0.0,-1.178993586885661,1.3032332361975485,0.0
76,76,0.0328750269978115,-0.0046131432677099,0.0,-1.1059185341658853,0.1427221835431174,-0.0,1.117643472452228,-1.2828146033838357,-0.0,0.0064851950383237,-0.3014064116884583,0.0,-0.6445146284761044,-1.6227572392793257,-0.0,1.376089137584538,0.7459905237067989,-0.0,-0.1212825602332446,-0.2733480329105495,-0.0,0.2269738482919026,0.3990123511778294,0.0,-1.2891226588160356,0.81920810913894,0.0,0.1527840021563658,-0.613694215975179,-0.0,0.664254728654003,0.6553080652536443,0.0,-1.1751440138555922,1.289305332675761,0.0
77,77,0.0329515367362713,-0.0220904477794169,0.0,-1.105929594620304,0.1869128076470096,-0.0,1.1148000484864702,-1.3898239194811184,-0.0,0.0056318725741349,-0.3267901852437259,0.0,-0.6498546554196987,-1.591431860870184,-0.0,1.3789266061788654,0.508358173383682,-0.0,-0.1222019200671415,-0.2608706734872353,-0.0,0.2282055428742428,0.4105016967799466,0.0,-1.2872515285162929,0.8412381290386696,0.0,0.1508160189896603,-0.6055848120084449,-0.0,0.6656123766286638,0.6986302912420556,0.0,-1.170998246200906,1.26516419548321,0.0
78,78,0.0329174480026711,0.2980918891019273,0.0,-1.105633434683707,-0.0260396977566796,-0.0,1.110961176594908,-0.7870913196605303,-0.0,0.0048812085717999,-0.4041315523127013,0.0,-0.6539482157771701,-1.6116942440896262,-0.0,1.3806044219201832,0.0755101442495792,-0.0,-0.1228874576206681,-0.2559792143740918,-0.0,0.2291781136552803,0.5050990037078863,0.0,-1.2850988066715885,0.7720800816531513,0.0,0.148990817594399,-0.1616382516822484,-0.0,0.667593802335144,0.2216802722615426,0.0,-1.1671787406122354,0.6003966386002314,0.0
79,79,0.0328362377961153,1.034307355414964,0.0,-1.104952716550028,-0.516791129436997,-0.0,1.106455350351692,0.6014828072325513,-0.0,0.0040703645247256,-0.5262747022903429,0.0,-0.6579233447507667,-1.6594295808360564,-0.0,1.3820368708564863,-0.5547907135584312,-0.0,-0.1235406132518869,-0.2527830722817392,-0.0,0.2301550858217669,0.7153279759189077,0.0,-1.2828465287163298,0.6123690862625895,0.0,0.1470835229353611,0.8432717217935881,-0.0,0.6698398677805786,-0.8817565085498438,0.0,-1.163200672319203,-0.8824119767187586,0.0
80,80,0.0327865628117967,1.484638579718732,0.0,-1.104536332156366,-0.8169759301777293,-0.0,1.1040898278079512,1.4508513891395394,-0.0,0.0031414074528237,-0.5959166581619524,0.0,-0.6619502116908345,-1.688628522753465,-0.0,1.382698275911823,-0.907382169663954,-0.0,-0.1241834684900318,-0.2481437860618163,-0.0,0.2313157784726517,0.9052435377098978,0.0,-1.2808558644848695,0.514676425105667,0.0,0.1461220735874397,1.456598607146717,-0.0,0.6710041936254411,-1.5755710261373936,0.0,-1.1611979200558955,-1.785390369011855,0.0
81,81,0.0335721637526445,1.4587695841645356,0.0,-1.1049666571261638,-0.7677705717891068,-0.0,1.1046080966772314,1.4546225150439038,-0.0,0.0019906677402374,-0.5904624833917468,0.0,-0.6661182408050877,-1.6849639180206213,-0.0,1.3823676651515853,-0.9084350795086004,-0.0,-0.1248676346286477,-0.2277196613890419,-0.0,0.2327331593455572,1.0289233361613142,0.0,-1.2792329709512786,0.5188382280182418,0.0,0.1468887094741718,1.43330687348807,-0.0,0.6704594305038413,-1.6133808488263677,0.0,-1.1619595160863363,-1.7751417434528485,0.0
82,82,0.0359659505446357,1.3724551592290537,0.0,-1.106284386642138,-0.6128793104486818,-0.0,1.106257369776558,1.4517608484839664,-0.0,0.0005725113342953,-0.5723946005885729,0.0,-0.6703902233723874,-1.6730500075785737,-0.0,1.3813303057013535,-0.905808693456369,-0.0,-0.125627222436972,-0.1792477099882361,-0.0,0.2343356607900767,1.1525192736349812,0.0,-1.277764142354504,0.5331458501335734,0.0,0.1492387942206333,1.3520752856611844,-0.0,0.6687420038112111,-1.6431414397703523,0.0,-1.1643347073912478,-1.7283198413358547,0.0
83,83,0.0396469415178973,1.2397271234186915,0.0,-1.108310695112771,-0.3746988105233101,-0.0,1.108862502670992,1.447006338057209,-0.0,-0.0010517069327802,-0.5439477478642771,0.0,-0.6747399352461948,-1.654182922225478,-0.0,1.379692727373605,-0.9014939273584596,-0.0,-0.1264361518684494,-0.1084457954679705,-0.0,0.2361164255071628,1.2742676354111082,0.0,-1.2764196416963305,0.5551470693029574,0.0,0.1528525833713911,1.2270504383708114,-0.0,0.6660186435090784,-1.6687311963930274,0.0,-1.1680375073051656,-1.6551722741301995,0.0
84,84,0.0442898148279288,1.0723158313418706,0.0,-1.1108664996731548,-0.0742791968632347,-0.0,1.1122575222930982,1.4404494306591649,-0.0,-0.0028202707911025,-0.5070181720500919,0.0,-0.6791413413465796,-1.6295208923929805,-0.0,1.3775601648608555,-0.8956149619629111,-0.0,-0.1272681221730894,-0.0211013215723707,-0.0,0.2380690206819277,1.3920046041110583,0.0,-1.2751708344256425,0.5828974425072622,0.0,0.1574106943034773,1.069176801775359,-0.0,0.6624532670414881,-1.6904272773384068,0.0,-1.1727876112919595,-1.561094284506452,0.0
85,85,0.0495692486302296,0.8819516376070144,0.0,-1.1137727174583807,0.2673294056812968,-0.0,1.1162764555754408,1.4321805731853685,-0.0,-0.0046714639707845,-0.4635021199772507,0.0,-0.683568406593611,-1.6002221485127264,-0.0,1.3750378528556215,-0.8882959780177634,-0.0,-0.1280968326009014,0.0769983079544366,-0.0,0.2401870134994839,1.5035663623561926,0.0,-1.2739890859913234,0.6144525267273562,0.0,0.1625937443939245,0.8893988460332346,-0.0,0.6582097918524847,-1.708506841250504,0.0,-1.1783047148154986,-1.4514811151351803,0.0
86,86,0.0551599210802995,0.6803648968225402,0.0,-1.1168502656035406,0.6290768722600494,-0.0,1.120753329450584,1.4222902125313526,-0.0,-0.0065435702019396,-0.4152958384769856,0.0,-0.6879950959073592,-1.5674449210163603,-0.0,1.3722310260504191,-0.8796611562710553,-0.0,-0.1288959824018948,0.1800656893683282,-0.0,0.2424639711449437,1.606789092767876,0.0,-1.2728457618422573,0.6478678789441088,0.0,0.1680823510197649,0.6986610413028423,-0.0,0.6534521353861129,-1.7232470467733334,0.0,-1.1843085133396525,-1.3317280086869518,0.0
87,87,0.0607365103336377,0.4792859635968712,0.0,-1.119920061243726,0.9899130780227752,-0.0,1.1255221708510923,1.4108687955926509,-0.0,-0.0083748732146808,-0.3642955743805295,0.0,-0.6923953742078931,-1.5323474403355286,-0.0,1.3692449191377638,-0.8698346774708267,-0.0,-0.1296392708260789,0.2823134189251773,-0.0,0.2448934608034196,1.69950897796747,0.0,-1.2717122274273274,0.6811990561383885,0.0,0.173557131558031,0.507907857742591,-0.0,0.6483442150864174,-1.7349250525509086,0.0,-1.190518702328289,-1.2072302078323345,0.0
88,88,0.0659736945457438,0.2904451925384286,0.0,-1.122803021514029,1.3287878981192318,-0.0,1.1304170067095298,1.3980067692647968,-0.0,-0.0101036567391213,-0.3123975745191154,0.0,-0.6967432064152825,-1.496087936901876,-0.0,1.366184766810172,-0.8589407223651165,-0.0,-0.1303003971234632,0.3779540928808586,-0.0,0.2474690496600238,1.779562200576337,0.0,-1.270559848195418,0.7125016152910636,0.0,0.1786987033857552,0.3280837655108871,-0.0,0.6430499483974428,-1.7438180172272435,0.0,-1.1966549772452786,-1.083382955241897,0.0
89,89,0.0705461518721173,0.1255729382556345,0.0,-1.1253200635495408,1.624651207699176,-0.0,1.1352718639584614,1.383794580443324,-0.0,-0.0116682045053742,-0.2614980857239762,0.0,-0.7010125574495971,-1.4598246411470484,-0.0,1.3631558037601597,-0.8471034717019644,-0.0,-0.1308530605440571,0.4612003074912463,-0.0,0.250184304899869,1.844784943215839,0.0,-1.269359989595412,0.739831113383003,0.0,0.1831876838799698,0.1701332347661381,-0.0,0.6377332527632338,-1.750203099446352,0.0,-1.2024370335544896,-0.965581493586208,0.0
90,90,0.0741285604682577,-0.0036004446430906,0.0,-1.1272921044853534,1.856452881912364,-0.0,1.1399207695304507,1.368322676023766,-0.0,-0.0130068002435529,-0.2134933548263446,0.0,-0.7051773922309061,-1.424715783502691,-0.0,1.3602632646802424,-0.8344471062294095,-0.0,-0.13127096033787,0.5262646590122144,-0.0,0.2530327937080672,1.89301338850734,0.0,-1.2680840170761931,0.7612431073950754,0.0,0.1867046904177072,0.0450007356667512,-0.0,0.6325580456278348,-1.7543574578522476,0.0,-1.2075845667197915,-0.8592210655358351,0.0
91,91,0.0763955984896645,-0.0853446015493255,0.0,-1.1285400614565582,2.003142795908552,-0.0,1.1441977503580627,1.3516815029016565,-0.0,-0.0140577276837703,-0.1702796286574538,0.0,-0.7092116756792795,-1.3919195944004494,-0.0,1.357612384262937,-0.8210958066954913,-0.0,-0.1315277957549113,0.5673597436996385,-0.0,0.256008083269731,1.9220837190722009,0.0,-1.2667032960866462,0.7747931543081492,0.0,0.1889303403759998,-0.036369261628868,-0.0,0.627688244435291,-1.7565582510889444,0.0,-1.2118172722050533,-0.7696969137613474,0.0
92,92,0.0770437220449884,-0.1087171467052612,0.0,-1.1288691279949066,2.0443345666178256,-0.0,1.1479491567744422,1.3335129457799393,-0.0,-0.01476400451503,-0.1336059730012642,0.0,-0.7130912151287611,-1.3624790748420654,-0.0,1.3553015277460023,-0.8070940582003239,-0.0,-0.1315908497427148,0.5788179119864775,-0.0,0.2591129870128294,1.9296693428768388,0.0,-1.2651892650062124,0.7786677164292045,0.0,0.1895677230055856,-0.0638101919633346,-0.0,0.6232725875621831,-1.7563402612630077,0.0,-1.2148714226889186,-0.7020562468554786,0.0
93,93,0.0769579495499831,-0.1057620360403035,0.0,-1.1274074694364102,2.000869317225655,-0.0,1.1516666045642614,1.292065026126309,-0.0,-0.015322576352442,-0.0975441721153969,0.0,-0.7168896580086546,-1.3315822970447504,-0.0,1.3530635563724445,-0.7885281671909085,-0.0,-0.1311341945400195,0.56325568826012,-0.0,0.2627900279361,1.9069699016717168,0.0,-1.2635283236338863,0.7781534767075193,0.0,0.1895383808512411,-0.069269707719654,-0.0,0.6186832332230846,-1.717697300526937,0.0,-1.2173883546133204,-0.6426360443070867,0.0
94,94,0.0767595845596042,-0.0989277880848604,0.0,-1.1240093211560338,1.900347771513755,-0.0,1.1556117327134725,1.2201481022816052,-0.0,-0.01585994808745,-0.058999226770436,0.0,-0.7206503195021583,-1.2970959626942902,-0.0,1.350742335948572,-0.7636069142113737,-0.0,-0.1300780936899326,0.5270107831051675,-0.0,0.2671777581447759,1.8542838629439395,0.0,-1.2617384676090713,0.7768214548328327,0.0,0.1894681341597322,-0.0742669185277221,-0.0,0.6136294706240695,-1.628328202261191,0.0,-1.2198096694251896,-0.5828283548311646,0.0
95,95,0.0764724229260303,-0.0890342388079183,0.0,-1.1190569193239452,1.754828487990686,-0.0,1.1596935086310134,1.1245260520489906,-0.0,-0.0163703766891895,-0.0191037799838409,0.0,-0.7243645189826035,-1.2602796768718418,-0.0,1.3483752222488998,-0.7329343667265374,-0.0,-0.1285492369861844,0.474067883435995,-0.0,0.2721264202501467,1.7776610536885755,0.0,-1.259841548873086,0.7746275714313392,0.0,0.1893619999795094,-0.0787961475639017,-0.0,0.6082646976563738,-1.4989536780571275,0.0,-1.222122331026072,-0.5237256142941967,0.0
96,96,0.0761202605014401,-0.0769012241784636,0.0,-1.1129325001103123,1.57637002516501,-0.0,1.1638208997258233,1.011962753231625,-0.0,-0.016848119126796,0.0210095252269292,0.0,-0.7280235758233214,-1.222393044658563,-0.0,1.3459995710479435,-0.6971145922012172,-0.0,-0.1266743142225058,0.4084116761669774,-0.0,0.2774862568635023,1.6831513009006924,0.0,-1.2578594193672488,0.7715277471292333,0.0,0.1892249953590234,-0.0828517180045558,-0.0,0.6027423122112341,-1.340294439506106,0.0,-1.2243133033175122,-0.4664202585626684,0.0
97,97,0.0757268931380123,-0.0633485801654828,0.0,-1.1060182996853032,1.3770309415452908,-0.0,1.1679028734068406,0.8892220836326735,-0.0,-0.0172874323694051,0.0602080458444148,0.0,-0.7316188093976435,-1.1846956711356098,-0.0,1.3436527381202177,-0.6567516581002311,-0.0,-0.124580015192627,0.3340268482124905,-0.0,0.2831075105961323,1.5768044315753598,0.0,-1.2558139310328786,0.7674779025527095,0.0,0.1890621373467249,-0.0864279530260474,-0.0,0.5972157121798869,-1.1630711981994863,0.0,-1.2263695502010556,-0.4120047235030646,0.0
98,98,0.0753161166879256,-0.049196142737962,0.0,-1.0986965542190852,1.1688697956400842,-0.0,1.1718483970830036,0.7630679210552931,-0.0,-0.0176825733861524,0.0973591388511573,0.0,-0.7351415390789012,-1.1484471613841392,-0.0,1.3413720792402366,-0.612449631888396,-0.0,-0.1223930296902787,0.2548980864869077,-0.0,0.2888404240593265,1.4646702727076435,0.0,-1.2537269358112944,0.7624339583279626,0.0,0.1888784429910642,-0.0895191758047394,-0.0,0.5918382954535686,-0.9780046657286234,0.0,-1.2282780355782474,-0.3615714449818694,0.0
99,99,0.0749117270033588,-0.0352637478648876,0.0,-1.0913494998818267,0.9639451459579536,-0.0,1.1755664381632511,0.640264143302647,-0.0,-0.0180277991461735,0.131330161229697,0.0,-0.7385830842404257,-1.114907120485308,-0.0,1.3391949501825156,-0.56481258103053,-0.0,-0.1202400475091914,0.1750100779046046,-0.0,0.2945352398643746,1.352798651292613,0.0,-1.2516202856438146,0.7563518350811868,0.0,0.1886789293404921,-0.0921197095169948,-0.0,0.5867634599235151,-0.7958155536848776,0.0,-1.2300257233506326,-0.3162128588655679,0.0
100,100,0.0745375199364905,-0.0223712315152463,0.0,-1.084359372843695,0.7743155510074624,-0.0,1.178965964056521,0.5275746281778979,-0.0,-0.0183173666186038,0.1609884699625745,0.0,-0.7419347642555485,-1.0853351535202749,-0.0,1.3371587067215691,-0.5144445729914514,-0.0,-0.1182477584430957,0.098347509379957,-0.0,0.3000422006225663,1.2472393943253368,0.0,-1.249515832471758,0.7491874534385767,0.0,0.1884686134434592,-0.0942238773391764,-0.0,0.5821446034809635,-0.627224573659609,0.0,-1.2315995774197563,-0.2770214010206454,0.0
101,101,0.0742172913394994,-0.011338429658024,0.0,-1.0781084092748583,0.6120395692971654,-0.0,1.1819559421717531,0.4317632534842042,-0.0,-0.018545532772579,0.1852014220323312,0.0,-0.7451878984976007,-1.0609908655701938,-0.0,1.3353007046319132,-0.4619496752359761,-0.0,-0.1165428522857219,0.0288950678273374,-0.0,0.3052115489451915,1.1540423288008808,0.0,-1.2474354282364437,0.7408967340263269,0.0,0.1882525123484161,-0.0958260024476473,-0.0,0.5781351240171498,-0.4829524372441713,0.0,-1.232986561687164,-0.2450895073135856,0.0
102,102,0.0739748370645643,-0.0029851782622075,0.0,-1.072978845345485,0.4891757593356316,-0.0,1.1844453399178847,0.3595938970247307,-0.0,-0.0187065545772346,0.2028363744215071,0.0,-0.7483338063399138,-1.0431338617162245,-0.0,1.3336582996880617,-0.4079319552289241,-0.0,-0.1152520188308008,-0.0293625598388761,-0.0,0.3098935274435397,1.079257281714316,0.0,-1.24540092487919,0.7314355974706322,0.0,0.1880356431038133,-0.0969204080187704,-0.0,0.5748884194233107,-0.3737198560299291,0.0,-1.2341736400544006,-0.2215096136108748,0.0
103,103,0.0738339529638637,0.001868686703217,0.0,-1.069352917225742,0.4177826796314154,-0.0,1.1863431247038547,0.3178304366026367,-0.0,-0.0187946890017061,0.2127606841126435,0.0,-0.7513638071558191,-1.0330237470395225,-0.0,1.3322688476645297,-0.3529954804351106,-0.0,-0.1145019478720629,-0.0724406867043114,-0.0,0.3139383787289008,1.0289340800607083,0.0,-1.243434174341316,0.7207599643976867,0.0,0.1878230227581016,-0.0975014172289086,-0.0,0.5725578875906822,-0.310247541608236,0.0,-1.2351477764230114,-0.2073741557789966,0.0
104,104,0.0738089930034189,0.0019509230199832,0.0,-1.0675026792728457,0.4064993093884782,-0.0,1.187577627308004,0.3116098064360259,-0.0,-0.0187581653133312,0.2134738167356706,0.0,-0.7542472042159524,-1.0348108736789157,-0.0,1.3311536524383911,-0.2947389600686043,-0.0,-0.1143830151455359,-0.0973220571654052,-0.0,0.3172078337523103,1.007172824330269,0.0,-1.2415447105963966,0.7040283678178135,0.0,0.1876105078039118,-0.0950970174190723,-0.0,0.5712531317154864,-0.3065598518821852,0.0,-1.2358942953085976,-0.20308221209111,0.0
105,105,0.0738173714462173,-0.0057482990758945,0.0,-1.06645091028156,0.4241443545096061,-0.0,1.188375203793364,0.3269777548615252,-0.0,-0.0182560937511786,0.202999955253798,0.0,-0.7568446962837626,-1.0690269377676105,-0.0,1.3302045332347354,-0.2145677225641792,-0.0,-0.1145734456151967,-0.1127810720228092,-0.0,0.3198397642773867,0.9966974140778364,0.0,-1.239662071202449,0.6461911777258689,0.0,0.1873394914219001,-0.0728495749649462,-0.0,0.5705135451193386,-0.378061750279558,0.0,-1.2364317783767114,-0.2019060484233638,0.0
106,106,0.0738266284749803,-0.0161815316793626,0.0,-1.0655757073370993,0.4485253817630743,-0.0,1.189052428863877,0.353973112992953,-0.0,-0.017548799926804,0.187739480661118,0.0,-0.7593623088405485,-1.114988510036241,-0.0,1.3294672349980463,-0.1383653856887742,-0.0,-0.1148677721456128,-0.1260725703624943,-0.0,0.3222187796609228,0.9879401522003524,0.0,-1.2378715905132125,0.5747188615463312,0.0,0.1870770097792903,-0.048269206075847,-0.0,0.5698764762848154,-0.4593234655118727,0.0,-1.236884948320261,-0.2007830920358147,0.0
107,107,0.0738230681744749,-0.023611609949579,0.0,-1.064536403051471,0.4662648797047556,-0.0,1.1898618984513607,0.3948264470399527,-0.0,-0.0169995273089113,0.1748621115358314,0.0,-0.7620564931510361,-1.1457479491162088,-0.0,1.3290079210700485,-0.0962244761499501,-0.0,-0.115155951196079,-0.1422053164856996,-0.0,0.3246927903056325,0.9761352272760576,0.0,-1.236283670115326,0.5272042619548527,0.0,0.1869089737273917,-0.04341900223273,-0.0,0.5689801709548998,-0.481985246957723,0.0,-1.237379942256048,-0.1968063159930982,0.0
108,108,0.0737780394640621,-0.0303726888232773,0.0,-1.063393975780018,0.4799847958000339,-0.0,1.1907331228569331,0.4867703298148563,-0.0,-0.0165267815904627,0.1631528431708788,0.0,-0.764892861815731,-1.1682985168217808,-0.0,1.3286839749267614,-0.0670739365594909,-0.0,-0.115474961843926,-0.1612720593035479,-0.0,0.3271941051002359,0.9613590179629858,0.0,-1.2348571118195864,0.491283928686128,0.0,0.1867998685201921,-0.0460331325525667,-0.0,0.5677897487790067,-0.4854030129202686,0.0,-1.237899280107693,-0.1821710169143456,0.0
109,109,0.0737095355398267,-0.0351074397570895,0.0,-1.0622091968861878,0.4931213683471192,-0.0,1.1917012998041876,0.5703690306810526,-0.0,-0.0160844441077332,0.1508469441191607,0.0,-0.7678032913435694,-1.1878818873361954,-0.0,1.3284466264752088,-0.0485178499681627,-0.0,-0.1158364967043523,-0.179886873857169,-0.0,0.3296634160141554,0.9455257259225665,0.0,-1.2335383362442165,0.4626279739323995,0.0,0.1867038096055532,-0.048748010786003,-0.0,0.5664924265689294,-0.4882860024078864,0.0,-1.2384017600744917,-0.1678984600738685,0.0
110,110,0.0736316819797873,-0.0326331081171043,0.0,-1.0609964893336286,0.508315310854265,-0.0,1.1929066546425284,0.5630109104144548,-0.0,-0.0156759535619016,0.137238080473636,0.0,-0.7707540131050352,-1.205512078753627,-0.0,1.3282826675394903,-0.0440757255249276,-0.0,-0.1162379861073234,-0.1959427543441584,-0.0,0.3320900816014495,0.9298375503915428,0.0,-1.2322956333809936,0.4423027996359548,0.0,0.1865899379460436,-0.0486701283535913,-0.0,0.5652499299171865,-0.4961437338991032,0.0,-1.238855548007721,-0.1702194159059213,0.0
111,111,0.0735139971289726,-0.0139285553271886,0.0,-1.0597496407702802,0.527754116052629,-0.0,1.194526631412368,0.4363135969121464,-0.0,-0.015289427967356,0.1226367106824517,0.0,-0.7737609300301753,-1.2209197262701577,-0.0,1.3281664774003945,-0.0425885972265046,-0.0,-0.1166987111084978,-0.2124529278237903,-0.0,0.3344792121912566,0.9133514039562244,0.0,-1.2311356881362898,0.4254182057051914,0.0,0.1864625284500793,-0.0453851217856953,-0.0,0.564025624001921,-0.5151172923345505,0.0,-1.2392536105989205,-0.19836039841731,0.0
112,112,0.0734205874055352,0.004339306469482,0.0,-1.0584666142262291,0.5420977465012365,-0.0,1.196080190614508,0.3125742571340005,-0.0,-0.0149410709734311,0.1058919329846972,0.0,-0.7768141252753064,-1.2355992372589022,-0.0,1.3280674235197123,-0.0418301624676528,-0.0,-0.1172001776007128,-0.223748194878715,-0.0,0.3368295654640209,0.8978535055391103,0.0,-1.230029293538585,0.4138489596947385,0.0,0.1863360671009131,-0.0421768095283803,-0.0,0.5627779958045259,-0.5316492043295803,0.0,-1.2396631335175547,-0.2258443797300168,0.0
113,113,0.0734124528638842,0.004710823613549,0.0,-1.057140565606085,0.5428473219695217,-0.0,1.197102473027969,0.2968616099916454,-0.0,-0.0146355237557193,0.0852595927979601,0.0,-0.7798997464029348,-1.2509240014555425,-0.0,1.32796369689882,-0.0439345706369975,-0.0,-0.117727227914524,-0.2251215537581002,-0.0,0.3391373099506054,0.8844328555000577,0.0,-1.2289490438605666,0.4095484580062393,0.0,0.1862226052167083,-0.0421433894729082,-0.0,0.5614790139508361,-0.5328635342864865,0.0,-1.2401627861076991,-0.2248014196510679,0.0
114,114,0.0734359289475705,-0.0066900336315576,0.0,-1.0557585218635244,0.5367603284545583,-0.0,1.197831960117648,0.3095485265308614,-0.0,-0.0143387731536448,0.0591938999255385,0.0,-0.7830236259716443,-1.266200569172584,-0.0,1.3278684531199028,-0.056408313805826,-0.0,-0.1182983086401829,-0.2244623961501425,-0.0,0.341402533041151,0.8708164762608718,0.0,-1.2279079980737295,0.407651120969785,0.0,0.1861204076754461,-0.0447701654487031,-0.0,0.5601234824194193,-0.5272424544269264,0.0,-1.24076971920765,-0.1998144307674643,0.0
115,115,0.0734574843930487,-0.0171581577035235,0.0,-1.0543678107656955,0.5300962722059513,-0.0,1.1985046489532818,0.3211974941100484,-0.0,-0.0141227786783064,0.0296715092999182,0.0,-0.7861868867069323,-1.2821939627580707,-0.0,1.3277610891271,-0.0740573672686782,-0.0,-0.1188827191175496,-0.2232492360845869,-0.0,0.3436360102832986,0.8619092956619814,0.0,-1.2268839974997945,0.4059290337452971,0.0,0.1860167180628173,-0.0488208342358048,-0.0,0.5587580028912263,-0.5220812494295076,0.0,-1.2413721832925664,-0.176871691094914,0.0
116,116,0.0734450259208879,-0.0143636237904317,0.0,-1.053011670484845,0.52671009928355,-0.0,1.1992771252650023,0.3219270357809271,-0.0,-0.0140353336971878,-0.0014687622375905,0.0,-0.7893882564980341,-1.29968519775324,-0.0,1.3276166640513558,-0.0917476222334649,-0.0,-0.119456030289714,-0.2195817345517345,-0.0,0.3458420575447116,0.8614256793053184,0.0,-1.22585421456897,0.4032229549901949,0.0,0.1859023343913044,-0.0540901809770455,-0.0,0.5574241791298986,-0.5216824786454335,0.0,-1.2418694181074923,-0.1762671602250729,0.0
117,117,0.0733822461360946,0.0025184326520484,0.0,-1.0516746424130188,0.524141932953847,-0.0,1.2000966513740174,0.3191854544246351,-0.0,-0.0139790985322493,-0.0353460277372781,0.0,-0.792627831322279,-1.3184790304119154,-0.0,1.3274266823131564,-0.1126711560848092,-0.0,-0.120034899865007,-0.2073403480864715,-0.0,0.3480127772733647,0.8639852308529284,0.0,-1.2248263601546845,0.3998185474863996,0.0,0.1857814562228134,-0.0625454990378553,-0.0,0.5561086141020453,-0.5229035665120109,0.0,-1.242299571648037,-0.1851450192239851,0.0
118,118,0.073328110771497,0.0170759256998651,0.0,-1.0503456519754415,0.5226669028871003,-0.0,1.2009221141235868,0.3168213732672105,-0.0,-0.0139497252616329,-0.0732239489315767,0.0,-0.7959129506915091,-1.3390432659555669,-0.0,1.3271946756483397,-0.1381323144752844,-0.0,-0.1205893818617347,-0.1897337705699605,-0.0,0.3501791315961516,0.8684522662526672,0.0,-1.2238072296016946,0.3949068027527245,0.0,0.1856466173239209,-0.0723001606577521,-0.0,0.554794470830051,-0.5250527745439738,0.0,-1.2427247620005022,-0.1928004474057648,0.0
119,119,0.0733406906604745,0.016067267432594,0.0,-1.0490402440259836,0.5324639495707126,-0.0,1.2017296722040636,0.3166126379609796,-0.0,-0.013993955515412,-0.1189395028260598,0.0,-0.7992474568424462,-1.3646708044606286,-0.0,1.3269164513087923,-0.1690714908374079,-0.0,-0.1211091716158755,-0.1664832403402963,-0.0,0.3523550966500241,0.8795504698886004,0.0,-1.2227932200744571,0.3857380994868116,0.0,0.1854885866108466,-0.0829381272810362,-0.0,0.553477218020298,-0.5297701357017702,0.0,-1.243194357378003,-0.1908152409586384,0.0
120,120,0.0734044430164295,0.0075549627483009,0.0,-1.047772706837144,0.580607250692464,-0.0,1.2025292228015445,0.3166616288053933,-0.0,-0.014202379864885,-0.1749147016672716,0.0,-0.8026290064884689,-1.3971397842951037,-0.0,1.3265666138277965,-0.208065113783635,-0.0,-0.1216184804693146,-0.1308995560901306,-0.0,0.3545230703508019,0.909711724961234,0.0,-1.2217782662542245,0.3672624928448826,0.0,0.185303807115695,-0.0959552427831236,-0.0,0.5521651216810851,-0.5434131366002035,0.0,-1.2436937547694875,-0.1810713626417288,0.0
121,121,0.0734564040989071,0.0006744620796464,0.0,-1.046422040905038,0.6602129613905197,-0.0,1.2033273263820778,0.3167527504784267,-0.0,-0.0145048584450813,-0.2268179723205215,0.0,-0.8060709740831408,-1.4211309866353825,-0.0,1.3261408977368745,-0.2587124658329789,-0.0,-0.1220384945416271,-0.0940079628376125,-0.0,0.356746298658172,0.951192134299768,0.0,-1.2208043392249388,0.3419190738632033,0.0,0.1850964930619469,-0.1044248778762384,-0.0,0.5508232486364626,-0.5674483086919367,0.0,-1.2441853743489193,-0.1731953803124669,0.0
122,122,0.073460699533459,0.0224035825873683,0.0,-1.0449359768473787,0.902454454430675,-0.0,1.204082609125933,0.4553071029540589,-0.0,-0.0149040079914873,-0.2681225055913653,0.0,-0.809596160207463,-1.4285319266830263,-0.0,1.3256181974291463,-0.349282188008666,-0.0,-0.1223398352686565,-0.0610871937222587,-0.0,0.359065229756335,1.0141571744229338,0.0,-1.219881397653857,0.30304650103884,0.0,0.1848266904322797,-0.0840181204995983,-0.0,0.5494882876306861,-0.7753180558097892,0.0,-1.2446149770270456,-0.2622606318131444,0.0
123,123,0.0734610659503996,0.0928216966526402,0.0,-1.0433397180653163,1.447388838142346,-0.0,1.204786488598342,0.8945880151387067,-0.0,-0.0155173366612714,-0.307075133666864,0.0,-0.8132038732242706,-1.4331148104116394,-0.0,1.3249525366535029,-0.495234844434964,-0.0,-0.1225980821861075,-0.027051850704871,-0.0,0.3614600197859052,1.1117566345701189,0.0,-1.218985153739575,0.2420676295048757,0.0,0.1844809066089715,-0.0175860860404408,-0.0,0.5481802734862689,-1.3604810284402695,0.0,-1.2449925901987744,-0.5465162874410563,0.0
124,124,0.0734615236941181,0.1460266537269355,0.0,-1.041404791238634,1.839873974185932,-0.0,1.205663915319881,1.2264657789490532,-0.0,-0.016216320804442,-0.328906791821161,0.0,-0.8168343881669508,-1.4352673039527355,-0.0,1.3241536890785532,-0.5933069700812448,-0.0,-0.1227497287509933,-0.0066872891186296,-0.0,0.3639740380395462,1.1768002460442633,0.0,-1.218207664900066,0.1898741350746571,0.0,0.1842632513652012,0.0326071573980495,-0.0,0.5465816712393745,-1.796157527707045,0.0,-1.2454663245442366,-0.761287872232296,0.0
125,125,0.0734850256627974,0.1484531692962974,0.0,-1.038977384829451,1.8572802136505888,-0.0,1.20690120094391,1.2415114146711523,-0.0,-0.0169029128826915,-0.3292964784996166,0.0,-0.8204470750548223,-1.428116199329143,-0.0,1.3232383755918442,-0.5975120532895484,-0.0,-0.1227857092516604,-0.0047604705240338,-0.0,0.3666118957728366,1.1764270369547436,0.0,-1.2175701361149165,0.162363738331814,0.0,0.1842540745433563,0.0349262871828316,-0.0,0.544459367561735,-1.8157636597466849,0.0,-1.246164509119505,-0.7710339773439537,0.0
126,126,0.0735803832863083,0.1479869125932491,0.0,-1.036140449093666,1.8514469306485584,-0.0,1.2084974251265663,1.237612117527512,-0.0,-0.0176094697865978,-0.3266771386419363,0.0,-0.8240606206139431,-1.3978900878455869,-0.0,1.3222207338445775,-0.5956354076017601,-0.0,-0.1228133792442822,-0.0037844833111852,-0.0,0.369301697643389,1.1616777628085777,0.0,-1.2169493857583165,0.1373101094562784,0.0,0.1842573392845419,0.0348165918789942,-0.0,0.5418811890055825,-1.8100607705357532,0.0,-1.2471015412742836,-0.7686123398543756,0.0
127,127,0.0737462867381191,0.1465520087018593,0.0,-1.0328996505325143,1.8334950161249328,-0.0,1.2104449687343983,1.2256120398696153,-0.0,-0.0183397593198224,-0.3210857944515184,0.0,-0.8276765461416982,-1.3449747834464412,-0.0,1.321099972158635,-0.5898600349742735,-0.0,-0.122837612932329,-0.0029441017042296,-0.0,0.372043800351414,1.1335102593473518,0.0,-1.2163454804091027,0.1137526020722537,0.0,0.1842673865177528,0.0344790048431094,-0.0,0.5388561627950964,-1.7925101425931835,0.0,-1.2482720590103158,-0.7611597562569423,0.0
128,128,0.0739795071019471,0.1436027076208919,0.0,-1.0292552752259905,1.7965966557346182,-0.0,1.2127383011870287,1.2009470834077232,-0.0,-0.0190950323414768,-0.3116920004631232,0.0,-0.8312950951336497,-1.270293174842904,-0.0,1.3198748537175335,-0.5779893355947223,-0.0,-0.1228585791025314,-0.0022303383122166,-0.0,0.3748418094982244,1.0902506937891367,0.0,-1.215764199356742,0.0918787282843832,0.0,0.1842880375982518,0.0337851285383407,-0.0,0.5353877369556235,-1.756436586536028,0.0,-1.2496714702403982,-0.745841717890887,0.0
129,129,0.0742768154615096,0.1385932593491104,0.0,-1.0252076092540896,1.7339240351325205,-0.0,1.215371891904081,1.159053149852096,-0.0,-0.0198765397106728,-0.2976653112115109,0.0,-0.8349165110853604,-1.174768150746171,-0.0,1.3185441417047892,-0.5578267096507401,-0.0,-0.1228764465416204,-0.0016342057441959,-0.0,0.3776993306851336,1.030225233352,0.0,-1.215211321890701,0.0718760001973083,0.0,0.1843231138813021,0.0326065654278518,-0.0,0.53147935951251,-1.69516491298134,0.0,-1.2512951828773284,-0.7198237160954428,0.0
130,130,0.074634982900524,0.1309779138852785,0.0,-1.0207569386968072,1.6386493399735436,-0.0,1.2183402103051786,1.095366140912993,-0.0,-0.0206855322865222,-0.2781752812314413,0.0,-0.8385410374923924,-1.059322599867435,-0.0,1.317106599303919,-0.5271755573299595,-0.0,-0.1228913840363265,-0.001146716609217,-0.0,0.3806199695134548,0.9517600452540088,0.0,-1.2146926273004457,0.0539319299156708,0.0,0.1843764367221666,0.0308149179748062,-0.0,0.5271344784911023,-1.602019932546169,0.0,-1.2531386048339035,-0.6802712422098416,0.0
131,131,0.0750507805027077,0.1202109212281602,0.0,-1.015903549634138,1.5039447559125971,-0.0,1.221637725809945,1.0053219583006772,-0.0,-0.0215232609281365,-0.2523914650576754,0.0,-0.8421689178503081,-0.9248794109178972,-0.0,1.3155609896984397,-0.4838392788200153,-0.0,-0.1229035603733807,-0.0007588835163296,-0.0,0.3836073315845009,0.8531812967132352,0.0,-1.2142138948754428,0.0382340295441136,0.0,0.1844518274761082,0.0282817886423674,-0.0,0.5223565419167471,-1.4703264558475724,0.0,-1.255197144022921,-0.6243497875733179,0.0
132,132,0.0755209793517778,0.1057465313765188,0.0,-1.0106477281460768,1.322982468604582,-0.0,1.2252589078380025,0.8843565037254051,-0.0,-0.0223909764946276,-0.2194834172249721,0.0,-0.8458003956546701,-0.772361472608748,-0.0,1.3139060760718673,-0.4256212743085391,-0.0,-0.1229131443395135,-0.0004617190745832,-0.0,0.3866650224995855,0.7328151549477433,0.0,-1.213780903905159,0.0249698111872782,0.0,0.18455310749839,0.0248787798936989,-0.0,0.5171489978147906,-1.2934092935025965,0.0,-1.2574662083571784,-0.5492248435251024,0.0
133,133,0.0760423505314518,0.0870389943291186,0.0,-1.0049897603126192,1.0889346637044115,-0.0,1.2291982258089755,0.727905678897443,-0.0,-0.023289929845107,-0.1786206922680933,0.0,-0.8494357144010406,-0.60269167365119,-0.0,1.3121406216077192,-0.3503249439831669,-0.0,-0.1229203047214559,-0.0002462358930274,-0.0,0.3897966478600214,0.5889877871756071,0.0,-1.213399433679061,0.0143267869498071,0.0,0.184684098144275,0.0204774941919644,-0.0,0.5115152942105795,-1.0645932561283016,0.0,-1.259941205749472,-0.4520619014044311,0.0
134,134,0.0766116651254469,0.063542560084723,0.0,-0.9989299322137596,0.7949735268669886,-0.0,1.2334501491424867,0.5314053855270487,-0.0,-0.0242213718386865,-0.1289728447217985,0.0,-0.853075117584982,-0.4167929027564161,-0.0,1.3102633894895113,-0.2557536880315312,-0.0,-0.1229252103059386,-0.0001034465807119,-0.0,0.393005813267122,0.4200253606148929,0.0,-1.2130752634866149,0.0064924689363424,0.0,0.184848620769026,0.0149495340003274,-0.0,0.5054588791294603,-0.777203154341737,0.0,-1.2626175441125993,-0.3300264525505357,0.0
135,135,0.0772256942174805,0.0347114786420951,0.0,-0.9924685299294936,0.4342712437472107,-0.0,1.2380091472581598,0.2902915253244773,-0.0,-0.0251865533344778,-0.0697094291208464,0.0,-0.8567188487020567,-0.2155880486356178,-0.0,1.3082731429007608,-0.1397109066412627,-0.0,-0.1229280298796923,-2.436374668625028e-05,-0.0,0.3962961243222004,0.2242540424836648,0.0,-1.2128141726172874,0.0016543692515259,0.0,0.1850504967279063,0.0081665017819513,-0.0,0.4989832005967791,-0.4245637987599471,0.0,-1.2654906313593577,-0.1802839883026454,0.0
136,136,0.0778812088912699,0.0,0.0,-0.9856058395398164,2.220446049250313e-16,-0.0,1.2428696895756175,-0.0,-0.0,-0.0261867251915926,0.0,0.0,-0.8603671512478273,-2.7755575615628914e-16,-0.0,1.306168645024984,-0.0,-0.0,-0.1229289322294478,4.336808689942019e-19,-0.0,0.3996711866265698,5.551115123125783e-17,0.0,-1.2126219403605456,-1.3877787807814457e-17,0.0,0.1852935473761787,6.938893903907228e-18,-0.0,0.4920917066378829,0.0,0.0,-1.268555875402544,0.0,0.0
