t[s],q_fl1,q_fl2,q_fl3,q_fr1,q_fr2,q_fr3,q_bl1,q_bl2,q_bl3,q_br1,q_br2,q_br3,qd_fl1,qd_fl2,qd_fl3,qd_fr1,qd_fr2,qd_fr3,qd_bl1,qd_bl2,qd_bl3,qd_br1,qd_br2,qd_br3,Tau_fl1,Tau_fl2,Tau_fl3,Tau_fr1,Tau_fr2,Tau_fr3,Tau_bl1,Tau_bl2,Tau_bl3,Tau_br1,Tau_br2,Tau_br3
0,0,1.34242930980087,-2.44273564739126,0,1.34242930980087,-2.44273564739126,0,1.11319042751898,-2.21398701716054,0,1.11319042751898,-2.21398701716054,0,0.83638804556366,-1.49844527193623,0,0.83638804556366,-1.49844527193623,0,0.47168872254725,-1.11074050280633,0,0.47168872254725,-1.11074050280633,0,-0.420412476737527,0.9248865839596,0,-0.420412476737527,0.9248865839596,0,-0.549195781631339,1.03751636833581,0,-0.549195781631339,1.03751636833581
0.007142857142857,0,1.34903501295269,-2.45133404534432,0,1.34903501295269,-2.45133404534432,0,1.1170183487371,-2.21965802443121,0,1.1170183487371,-2.21965802443121,0,0.93423516004306,-1.21605913907496,0,0.93423516004306,-1.21605913907496,0,0.541377429420017,-0.802042456852336,0,0.541377429420017,-0.802042456852336,0,-1.49224273328738,2.46595786144128,0,-1.49224273328738,2.46595786144128,0,1.99693778662931,4.55202103622219,0,1.99693778662931,4.55202103622219
0.014285714285714,0,1.35613501504132,-2.45842350511711,0,1.35613501504132,-2.45842350511711,0,1.12112020256643,-2.22365150153537,0,1.12112020256643,-2.22365150153537,0,1.00414315253434,-1.00265216786742,0,1.00414315253434,-1.00265216786742,0,0.580119327289979,-0.564791761873454,0,0.580119327289979,-0.564791761873454,0,-1.20446821533443,2.01368609714362,0,-1.20446821533443,2.01368609714362,0,1.56570657876363,3.63766848652434,0,1.56570657876363,3.63766848652434
0.021428571428572,0,1.36341400307894,-2.4642037662365,0,1.36341400307894,-2.4642037662365,0,1.12487696944191,-2.22521565931668,0,1.12487696944191,-2.22521565931668,0,1.02945687960647,-0.81749407259853,0,1.02945687960647,-0.81749407259853,0,0.53131417238964,-0.221216600499322,0,0.53131417238964,-0.221216600499322,0,-1.18993710002052,2.0006006145134,0,-1.18993710002052,2.0006006145134,0,1.54919627372453,3.61657183262183,0,1.54919627372453,3.61657183262183
0.028571428571429,0,1.37088900069705,-2.46870766659169,0,1.37088900069705,-2.46870766659169,0,1.12829567614909,-2.22439307586872,0,1.12829567614909,-2.22439307586872,0,1.05717823456098,-0.636980193091463,0,1.05717823456098,-0.636980193091463,0,0.483502805729996,0.116336801925917,0,0.483502805729996,0.116336801925917,0,0.612576330730324,2.68278237733574,0,0.612576330730324,2.68278237733574,0,-1.28417999814103,2.04445702758759,0,-1.28417999814103,2.04445702758759
0.035714285714286,0,1.37713496256503,-2.47183167119627,0,1.37713496256503,-2.47183167119627,0,1.13100580368986,-2.2227947137558,0,1.13100580368986,-2.2227947137558,0,0.883357464186579,-0.441823508361558,0,0.883357464186579,-0.441823508361558,0,0.383289466480208,0.2260540702553,0,0.383289466480208,0.2260540702553,0,0.60426461438705,2.68652668210075,0,0.60426461438705,2.68652668210075,0,-1.28955093101029,2.03832055521686,0,-1.28955093101029,2.03832055521686
0.042857142857143,0,1.38210361880198,-2.47355986009203,0,1.38210361880198,-2.47355986009203,0,1.13300158121716,-2.22043698986862,0,1.13300158121716,-2.22043698986862,0,0.702709953510777,-0.244415286686174,0,0.702709953510777,-0.244415286686174,0,0.28225996457523,0.33344952118719,0,0.28225996457523,0.33344952118719,0,0.596791822217865,2.6832814505514,0,0.596791822217865,2.6832814505514,0,-1.29151380324498,2.02643585201136,0,-1.29151380324498,2.02643585201136
0.05,0,1.38576314744918,-2.47389087965082,0,1.38576314744918,-2.47389087965082,0,1.13428467005783,-2.21734548032159,0,1.13428467005783,-2.21734548032159,0,0.517561908675898,-0.046815623315165,0,0.517561908675898,-0.046815623315165,0,0.181465421751851,0.437227778793975,0,0.181465421751851,0.437227778793975,0,0.591982936752081,2.68204322142334,0,0.591982936752081,2.68204322142334,0,-1.29383470164235,2.01373491914456,0,-1.29383470164235,2.01373491914456
0.057142857142857,0,1.38808322365343,-2.4728183672857,0,1.38808322365343,-2.4728183672857,0,1.13485679598153,-2.21354582209246,0,1.13485679598153,-2.21354582209246,0,0.328125063172372,0.151683891639033,0,0.328125063172372,0.151683891639033,0,0.080914952066215,0.537380235262407,0,0.080914952066215,0.537380235262407,0,0.58956313577117,2.68143338602618,0,0.58956313577117,2.68143338602618,0,-1.29651620705088,2.00018268373285,0,-1.29651620705088,2.00018268373285
0.064285714285714,0,1.38903797569895,-2.47033407227303,0,1.38903797569895,-2.47033407227303,0,1.13472005835671,-2.20906313430032,0,1.13472005835671,-2.20906313430032,0,0.135029217865703,0.351350294649107,0,0.135029217865703,0.351350294649107,0,-0.01933860693882,0.633980130603059,0,-0.01933860693882,0.633980130603059,0,0.589469701534054,2.68108887079041,0,0.589469701534054,2.68108887079041,0,-1.29953358596204,1.98578072699305,0,-1.29953358596204,1.98578072699305
0.071428571428572,0,1.38860688343925,-2.4664285945836,0,1.38860688343925,-2.4664285945836,0,1.13387695658787,-2.203921930045,0,1.13387695658787,-2.203921930045,0,-0.060968762442645,0.55234613036193,0,-0.060968762442645,0.55234613036193,0,-0.119238678735973,0.727113173252364,0,-0.119238678735973,0.727113173252364,0,0.591713618253147,2.68103332100755,0,0.591713618253147,2.68103332100755,0,-1.30286761119577,1.97056654972936,0,-1.30286761119577,1.97056654972936
0.078571428571429,0,1.38677477369894,-2.46109122826481,0,1.38677477369894,-2.46109122826481,0,1.13233029005281,-2.19814615268667,0,1.13233029005281,-2.19814615268667,0,-0.259112663272484,0.754856093656902,0,-0.259112663272484,0.754856093656902,0,-0.218742838530419,0.81685994067815,0,-0.218742838530419,0.81685994067815,0,0.596286887339451,2.68122192632945,0,0.596286887339451,2.68122192632945,0,-1.30645340575555,1.95452704211918,0,-1.30645340575555,1.95452704211918
0.085714285714286,0,1.38353175308801,-2.45430995058801,0,1.38353175308801,-2.45430995058801,0,1.13008313187201,-2.19175932749289,0,1.13008313187201,-2.19175932749289,0,-0.45865577211705,0.959066414290172,0,-0.45865577211705,0.959066414290172,0,-0.317812371284809,0.903279563120745,0,-0.317812371284809,0.903279563120745,0,0.603164722549232,2.68155533511309,0,0.603164722549232,2.68155533511309,0,-1.31018260132629,1.93760527408021,0,-1.31018260132629,1.93760527408021
0.092857142857143,0,1.37887306019421,-2.44607152626571,0,1.37887306019421,-2.44607152626571,0,1.12713887033568,-2.18478482197056,0,1.12713887033568,-2.18478482197056,0,-0.658872280695336,1.16514858272548,0,-0.658872280695336,1.16514858272548,0,-0.416402702994358,0.986394352443553,0,-0.416402702994358,0.986394352443553,0,0.612305144928548,2.6818821677319,0,0.612305144928548,2.6818821677319,0,-1.31388711649437,1.91968698115072,0,-1.31388711649437,1.91968698115072
0.1,0,1.37279883823208,-2.43636171518327,0,1.37279883823208,-2.43636171518327,0,1.12350133646784,-2.17724626433098,0,1.12350133646784,-2.17724626433098,0,-0.859068534643391,1.37324471023118,0,-0.859068534643391,1.37324471023118,0,-0.514451218452039,1.06616743759713,0,-0.514451218452039,1.06616743759713,0,0.623646488370134,2.68199324738516,0,0.623646488370134,2.68199324738516,0,-1.31730390008567,1.9005695067941,0,-1.31730390008567,1.9005695067941
0.107142857142857,0,1.36531384560066,-2.42516558713693,0,1.36531384560066,-2.42516558713693,0,1.11917505990413,-2.16916822150831,0,1.11917505990413,-2.16916822150831,0,-1.05859181501555,1.58345239512464,0,-1.05859181501555,1.58345239512464,0,-0.61185911401049,1.14246605635001,0,-0.61185911401049,1.14246605635001,0,0.637104894429094,2.68161630971967,0,0.637104894429094,2.68161630971967,0,-1.31999074824878,1.87988483073602,0,-1.31999074824878,1.87988483073602
0.114285714285714,0,1.35642710799068,-2.41246793410762,0,1.35642710799068,-2.41246793410762,0,1.11416574973518,-2.16057738609449,0,1.11416574973518,-2.16057738609449,0,-1.25683860484001,1.79581092843186,0,-1.25683860484001,1.79581092843186,0,-0.708459581036738,1.21498957995441,0,-0.708459581036738,1.21498957995441,0,0.652560486756274,2.68035520032342,0,0.652560486756274,2.68035520032342,0,-1.32109573961372,1.85688334953864,0,-1.32109573961372,1.85688334953864
0.121428571428571,0,1.34615158057273,-2.39825386845175,0,1.34615158057273,-2.39825386845175,0,1.10848127866349,-2.15150493483068,0,1.10848127866349,-2.15150493483068,0,-1.45325316339478,2.0102749999015,0,-1.45325316339478,2.0102749999015,0,-0.803946622995951,1.2831038215951,0,-0.803946622995951,1.2831038215951,0,0.669817478823933,2.67749050030772,0,0.669817478823933,2.67749050030772,0,-1.31850806833843,1.82962640449765,0,-1.31850806833843,1.82962640449765
0.128571428571429,0,1.33450395561966,-2.38250987799629,0,1.33450395561966,-2.38250987799629,0,1.10213419115663,-2.14199252401941,0,1.10213419115663,-2.14199252401941,0,-1.64730695764966,2.22665007870011,0,-1.64730695764966,2.22665007870011,0,-0.897659518828462,1.34532667188018,0,-0.897659518828462,1.34532667188018,0,0.68871743705386,2.67200551335145,0,0.68871743705386,2.67200551335145,0,-1.30114736915839,1.78741442192197,0,-1.30114736915839,1.78741442192197
0.135714285714286,0,1.32150157641624,-2.36522316542093,0,1.32150157641624,-2.36522316542093,0,1.09515444577389,-2.13212589760804,0,1.09515444577389,-2.13212589760804,0,-1.83890791591202,2.44483506422922,0,-1.83890791591202,2.44483506422922,0,-0.987135418415176,1.39542287817867,0,-0.987135418415176,1.39542287817867,0,1.28720644524551,4.87870476441611,0,1.28720644524551,4.87870476441611,0,1.24033484158976,2.64276743291897,0,1.24033484158976,2.64276743291897
0.142857142857143,0,1.30998287735732,-2.34430970784866,0,1.30998287735732,-2.34430970784866,0,1.08984021590515,-2.1200665064055,0,1.08984021590515,-2.1200665064055,0,-1.62907315261836,2.95776042807823,0,-1.62907315261836,2.95776042807823,0,-0.751583938579818,1.70554247007407,0,-0.751583938579818,1.70554247007407,0,1.29443466814014,4.81726186698573,0,1.29443466814014,4.81726186698573,0,1.24190753604103,2.63805302014856,0,1.24190753604103,2.63805302014856
0.15,0,1.29978181903486,-2.31988761791085,0,1.29978181903486,-2.31988761791085,0,1.08606179854465,-2.10571908669519,0,1.08606179854465,-2.10571908669519,0,-1.44272110560541,3.45398129120525,0,-1.44272110560541,3.45398129120525,0,-0.534376169555981,2.02913507331559,0,-0.534376169555981,2.02913507331559,0,1.28139756125685,4.71025917528192,0,1.28139756125685,4.71025917528192,0,1.22939166926637,2.61903670255835,0,1.22939166926637,2.61903670255835
0.157142857142857,0,1.2906824322671,-2.29210184355045,0,1.2906824322671,-2.29210184355045,0,1.0836476273605,-2.08900122686236,0,1.0836476273605,-2.08900122686236,0,-1.28691327143951,3.92970237382764,0,-1.28691327143951,3.92970237382764,0,-0.341432781757909,2.36438303349979,0,-0.341432781757909,2.36438303349979,0,1.2535025803501,4.5767063878467,0,1.2535025803501,4.5767063878467,0,1.20933931515162,2.5958107208172,0,1.20933931515162,2.5958107208172
0.164285714285714,0,1.28244860092774,-2.26110042581858,0,1.28244860092774,-2.26110042581858,0,1.08239382725293,-2.06982155698694,0,1.08239382725293,-2.06982155698694,0,-1.16449900371061,4.38448622207969,0,-1.16449900371061,4.38448622207969,0,-0.177323158070511,2.71255331095285,0,-0.177323158070511,2.71255331095285,0,1.21319692910684,4.42232194339408,0,1.21319692910684,4.42232194339408,0,1.18264622604521,2.56820818356978,0,1.18264622604521,2.56820818356978
0.171428571428571,0,1.2748405441934,-2.22702692345269,0,1.2748405441934,-2.22702692345269,0,1.08207161574189,-2.0480838362861,0,1.08207161574189,-2.0480838362861,0,-1.07599659528413,4.81896676317533,0,-1.07599659528413,4.81896676317533,0,-0.045569913704494,3.07433478483308,0,-0.045569913704494,3.07433478483308,0,1.16269451577377,4.25154994076609,0,1.16269451577377,4.25154994076609,0,1.14985700117634,2.53551085176437,0,1.14985700117634,2.53551085176437
0.178571428571429,0,1.26762642723979,-2.19001507882481,0,1.26762642723979,-2.19001507882481,0,1.08243492579139,-2.02369192569285,0,1.08243492579139,-2.02369192569285,0,-1.02028225486878,5.23453231165734,0,-1.02028225486878,5.23453231165734,0,0.051382421286331,3.44971306961575,0,0.051382421286331,3.44971306961575,0,1.10399629157899,4.06810311399552,0,1.10399629157899,4.06810311399552,0,1.11155446332708,2.49715469800034,0,1.11155446332708,2.49715469800034
0.185714285714286,0,1.26059006255785,-2.15018512052841,0,1.26059006255785,-2.15018512052841,0,1.08322813222356,-1.99655353462118,0,1.08322813222356,-1.99655353462118,0,-0.995143005017141,5.63309410191906,0,-0.995143005017141,5.63309410191906,0,0.112182052550101,3.83814388013669,0,0.112182052550101,3.83814388013669,0,1.03884339906534,3.87501390181494,0,1.03884339906534,3.87501390181494,0,1.06838310841552,2.45280439666192,0,1.06838310841552,2.45280439666192
0.192857142857143,0,1.253535330834,-2.10764143722931,0,1.253535330834,-2.10764143722931,0,1.08419347093209,-1.96658241217121,0,1.08419347093209,-1.96658241217121,0,-0.997740629515688,6.01689235230185,0,-0.997740629515688,6.01689235230185,0,0.136526474492397,4.23877303220975,0,0.136526474492397,4.23877303220975,0,0.968698954898455,3.67464837831982,0,0.968698954898455,3.67464837831982,0,1.02099480438569,2.40228111504293,0,1.02099480438569,2.40228111504293
0.2,0,1.24628802717505,-2.0624713676594,0,1.24628802717505,-2.0624713676594,0,1.0850777174783,-1.93369913518105,0,1.0850777174783,-1.93369913518105,0,-1.02497580319449,6.38833841060084,0,-1.02497580319449,6.38833841060084,0,0.125057725821127,4.6506348886085,0,0.125057725821127,4.6506348886085,0,0.8947642239906,3.4687524199585,0,0.8947642239906,3.4687524199585,0,0.969985961939676,2.34545701152242,0,0.969985961939676,2.34545701152242
0.207142857142857,0,1.23869584902933,-2.01474485254613,0,1.23869584902933,-2.01474485254613,0,1.08563778243566,-1.89783080430445,0,1.08563778243566,-1.89783080430445,0,-1.0737509091804,6.74989285173455,0,-1.0737509091804,6.74989285173455,0,0.079209186826196,5.07280679540553,0,0.079209186826196,5.07280679540553,0,0.818020808937384,3.25853561642091,0,0.818020808937384,3.25853561642091,0,0.915850631835321,2.28215795913613,0,0.915850631835321,2.28215795913613
0.214285714285714,0,1.23062716491269,-1.96451471543209,0,1.23062716491269,-1.96451471543209,0,1.08564502237473,-1.85890998656025,0,1.08564502237473,-1.85890998656025,0,-1.14114246792407,7.10397653469948,0,-1.14114246792407,7.10397653469948,0,0.001023934239805,5.50451565239402,0,0.001023934239805,5.50451565239402,0,0.739288844628906,3.0447831900742,0,0.739288844628906,3.0447831900742,0,0.85895635626731,2.21208957699601,0,0.85895635626731,2.21208957699601
0.221428571428571,0,1.2219690743429,-1.91181737330695,0,1.2219690743429,-1.91181737330695,0,1.08488821350828,-1.81687321378698,0,1.08488821350828,-1.81687321378698,0,-1.22450138058492,7.45290981484174,0,-1.22450138058492,7.45290981484174,0,-0.107034396826735,5.94520072079088,0,-0.107034396826735,5.94520072079088,0,0.659294488263915,2.82798590807681,0,0.659294488263915,2.82798590807681,0,0.799537384468587,2.13478372333348,0,0.799537384468587,2.13478372333348
0.228571428571429,0,1.21262510437796,-1.85667380209794,0,1.21262510437796,-1.85667380209794,0,1.08317526108367,-1.77165931966377,0,1.08317526108367,-1.77165931966377,0,-1.32150432361318,7.79887649955911,0,-1.32150432361318,7.79887649955911,0,-0.242260414338071,6.39453645456875,0,-0.242260414338071,6.39453645456875,0,0.57886897384108,2.60895305798129,0,0.57886897384108,2.60895305798129,0,0.737814433484282,2.04985996497475,0,0.737814433484282,2.04985996497475
0.235714285714286,0,1.20251237869506,-1.7990896547687,0,1.20251237869506,-1.7990896547687,0,1.08033354122896,-1.72320699401351,0,1.08033354122896,-1.72320699401351,0,-1.43022834658196,8.14404369370786,0,-1.43022834658196,8.14404369370786,0,-0.401900379451339,6.8525431991071,0,-0.401900379451339,6.8525431991071,0,0.56129983922432,2.69555700256813,0,0.56129983922432,2.69555700256813,0,0.744567239652997,2.15486575720526,0,0.744567239652997,2.15486575720526
0.242857142857143,0,1.19120185397325,-1.73832737839861,0,1.19120185397325,-1.73832737839861,0,1.07599010987617,-1.67089434627693,0,1.07599010987617,-1.67089434627693,0,-1.59963135351265,8.59352194376986,0,-1.59963135351265,8.59352194376986,0,-0.614285291323334,7.39850303703058,0,-0.614285291323334,7.39850303703058,0,2.58202116133588,14.8074672246892,0,2.58202116133588,14.8074672246892,0,4.59239444181617,14.1154216537441,0,4.59239444181617,14.1154216537441
0.25,0,1.17599295609967,-1.68318621653784,0,1.17599295609967,-1.68318621653784,0,1.06693128586193,-1.62201013745698,0,1.06693128586193,-1.62201013745698,0,-2.15097269926332,7.79853574888034,0,-2.15097269926332,7.79853574888034,0,-1.28117653915597,6.9136238188217,0,-1.28117653915597,6.9136238188217,0,-0.139597406126641,-0.066849307416071,0,-0.139597406126641,-0.066849307416071,0,-0.199292770318015,-0.052874890945458,0,-0.199292770318015,-0.052874890945458
0.257142857142857,0,1.15758820160289,-1.63336933312256,0,1.15758820160289,-1.63336933312256,0,1.05371272099674,-1.57641166516449,0,1.05371272099674,-1.57641166516449,0,-2.60295813597357,7.04553065444603,0,-2.60295813597357,7.04553065444603,0,-1.86948274521978,6.4489267956528,0,-1.86948274521978,6.4489267956528,0,-0.138092670561391,-0.065852681435804,0,-0.138092670561391,-0.065852681435804,0,-0.194256501742581,-0.053010241994913,0,-0.194256501742581,-0.053010241994913
0.264285714285714,0,1.13629511282542,-1.5886862105847,0,1.13629511282542,-1.5886862105847,0,1.03669223217452,-1.53404777991633,0,1.03669223217452,-1.53404777991633,0,-3.01145112709859,6.31947018749799,0,-3.01145112709859,6.31947018749799,0,-2.40718341914254,5.99146377081093,0,-2.40718341914254,5.99146377081093,0,-0.133933973468363,-0.064446543850703,0,-0.133933973468363,-0.064446543850703,0,-0.18682500991227,-0.052882224872042,0,-0.18682500991227,-0.052882224872042
0.271428571428571,0,1.11242249312911,-1.54894704922949,0,1.11242249312911,-1.54894704922949,0,1.01623053159019,-1.49486743214752,0,1.01623053159019,-1.49486743214752,0,-3.37627049990646,5.62025282023615,0,-3.37627049990646,5.62025282023615,0,-2.89386908264164,5.54122061301673,0,-2.89386908264164,5.54122061301673,0,-0.127488010429645,-0.062665879131295,0,-0.127488010429645,-0.062665879131295,0,-0.177338261173263,-0.052471158600761,0,-0.177338261173263,-0.052471158600761
0.278571428571429,0,1.08627813735473,-1.51396415060917,0,1.08627813735473,-1.51396415060917,0,0.992687767722358,-1.4588212705983,0,0.992687767722358,-1.4588212705983,0,-3.69755888809091,4.94758137630245,0,-3.69755888809091,4.94758137630245,0,-3.32961946130762,5.0979571333897,0,-3.32961946130762,5.0979571333897,0,-0.119028938210252,-0.060519741677308,0,-0.119028938210252,-0.060519741677308,0,-0.165980097055885,-0.05173489122214,0,-0.165980097055885,-0.05173489122214
0.285714285714286,0,1.05816896152826,-1.48355167045771,0,1.05816896152826,-1.48355167045771,0,0.966423598863617,-1.42586144116635,0,0.966423598863617,-1.42586144116635,0,-3.97544058117206,4.30119362142096,0,-3.97544058117206,4.30119362142096,0,-3.71450388145053,4.66146159109045,0,-3.71450388145053,4.66146159109045,0,-0.108821541094249,-0.058019257350259,0,-0.108821541094249,-0.058019257350259,0,-0.152942230568439,-0.050644245055585,0,-0.152942230568439,-0.050644245055585
0.292857142857143,0,1.02840112605354,-1.45752541038713,0,1.02840112605354,-1.45752541038713,0,0.937797257639215,-1.39594142037599,0,0.937797257639215,-1.39594142037599,0,-4.21002244571032,3.68085678141075,0,-4.21002244571032,3.68085678141075,0,-4.04858254459398,4.23154579749388,0,-4.04858254459398,4.23154579749388,0,-0.097114615626469,-0.055177329701272,0,-0.097114615626469,-0.055177329701272,0,-0.138418153273221,-0.049181867760559,0,-0.138418153273221,-0.049181867760559
0.3,0,0.997280155566261,-1.43570264131318,0,0.997280155566261,-1.43570264131318,0,0.907167614656431,-1.36901587750336,0,0.907167614656431,-1.36901587750336,0,-4.4013943974873,3.08636305474385,0,-4.4013943974873,3.08636305474385,0,-4.33190665042226,3.80804106341438,0,-4.33190665042226,3.80804106341438,0,-0.084137905104572,-0.052008489729495,0,-0.084137905104572,-0.052008489729495,0,-0.122598728993282,-0.047340873208157,0,-0.122598728993282,-0.047340873208157
0.307142857142857,0,0.96511105440425,-1.41790195333849,0,0.96511105440425,-1.41790195333849,0,0.87489324148888,-1.34504056069822,0,0.87489324148888,-1.34504056069822,0,-4.54963002148444,2.51752587070603,0,-4.54963002148444,2.51752587070603,0,-4.56451849083934,3.39079480529957,0,-4.56451849083934,3.39079480529957,0,-0.070101404608532,-0.048528847124919,0,-0.070101404608532,-0.048528847124919,0,-0.105668893757372,-0.045123398890739,0,-0.105668893757372,-0.045123398890739
0.314285714285714,0,0.932198417060112,-1.40394312779007,0,0.932198417060112,-1.40394312779007,0,0.841332473133082,-1.32397220320467,0,0.841332473133082,-1.32397220320467,0,-4.65478728152801,1.97417675613358,0,-4.65478728152801,1.97417675613358,0,-4.74645152460571,2.97966770265802,0,-4.74645152460571,2.97966770265802,0,-0.05519624396058,-0.044756143408213,0,-0.05519624396058,-0.044756143408213,0,-0.087805274395328,-0.04253920637662,0,-0.087805274395328,-0.04253920637662
0.321428571428571,0,0.898846533284692,-1.39364702791199,0,0.898846533284692,-1.39364702791199,0,0.806843470070405,-1.30576844643663,0,0.806843470070405,-1.30576844643663,0,-4.71690927680951,1.45616269704404,0,-4.71690927680951,1.45616269704404,0,-4.87773043315013,2.57453131433696,0,-4.87773043315013,2.57453131433696,0,-0.039590851240131,-0.040708694574183,0,-0.039590851240131,-0.040708694574183,0,-0.069173179652765,-0.03960424642518,0,-0.069173179652765,-0.03960424642518
0.328571428571429,0,0.865359611170472,-1.38683550518201,0,0.865359611170472,-1.38683550518201,0,0.771784313881883,-1.2903877778504,0,0.771784313881883,-1.2903877778504,0,-4.73600755615395,0.963343928953748,0,-4.73600755615395,0.963343928953748,0,-4.95836637523385,2.17526598576703,0,-4.95836637523385,2.17526598576703,0,-0.023449324916089,-0.036408888770815,0,-0.023449324916089,-0.036408888770815,0,-0.049920717499586,-0.036338297960442,0,-0.049920717499586,-0.036338297960442
0.335714285714286,0,0.832041779477187,-1.38333131947985,0,0.832041779477187,-1.38333131947985,0,0.736513202698614,-1.27778947993052,0,0.736513202698614,-1.27778947993052,0,-4.71209333947891,0.49559197787696,0,-4.71209333947891,0.49559197787696,0,-4.98834286734794,1.78175927724068,0,-4.98834286734794,1.78175927724068,0,-0.006919700399737,-0.031880887322888,0,-0.006919700399737,-0.031880887322888,0,-0.030201198590841,-0.032768745461912,0,-0.030201198590841,-0.032768745461912
0.342857142857143,0,0.799197146709845,-1.38295807113364,0,0.799197146709845,-1.38295807113364,0,0.701388347324235,-1.26793358916738,0,0.701388347324235,-1.26793358916738,0,-4.64516949138115,0.05278798039204,0,-4.64516949138115,0.05278798039204,0,-4.96765811723362,1.39390455078699,0,-4.96765811723362,1.39390455078699,0,0.009860762352398,-0.027151364520211,0,0.009860762352398,-0.027151364520211,0,-0.01014775405679,-0.028925217571574,0,-0.01014775405679,-0.028925217571574
0.35,0,0.767129884560945,-1.38554014317797,0,0.767129884560945,-1.38554014317797,0,0.666768033042274,-1.26078086425484,0,0.666768033042274,-1.26078086425484,0,-4.53522707534438,-0.365178760555454,0,-4.53522707534438,-0.365178760555454,0,-4.89630159130598,1.0115996662021,0,-4.89630159130598,1.0115996662021,0,0.026762785384796,-0.022250152953592,0,0.026762785384796,-0.022250152953592,0,0.010117491987495,-0.024840798106279,0,0.010117491987495,-0.024840798106279
0.357142857142857,0,0.736144306137124,-1.39090265294901,0,0.736144306137124,-1.39090265294901,0,0.633010681644959,-1.25629276197066,0,0.633010681644959,-1.25629276197066,0,-4.38224609136902,-0.758412096189206,0,-4.38224609136902,-0.758412096189206,0,-4.77425398333448,0.634745894476359,0,-4.77425398333448,0.634745894476359,0,0.0436633672372,-0.017210672415483,0,0.0436633672372,-0.017210672415483,0,0.030485436320629,-0.020551391101557,0,0.030485436320629,-0.020551391101557
0.364285714285714,0,0.70654493903305,-1.3988714122217,0,0.70654493903305,-1.3988714122217,0,0.600474962436661,-1.2544314200234,0,0.600474962436661,-1.2544314200234,0,-4.18619620471904,-1.12701023999515,0,-4.18619620471904,-1.12701023999515,0,-4.6014802880308,0.263246932541819,0,-4.6014802880308,0.263246932541819,0,0.060449208383734,-0.012069392380238,0,0.060449208383734,-0.012069392380238,0,0.050859404056591,-0.016095839120215,0,0.050859404056591,-0.016095839120215
0.371428571428571,0,0.678636686222147,-1.40927289529443,0,0.678636686222147,-1.40927289529443,0,0.569519965473213,-1.255159646659,0,0.569519965473213,-1.255159646659,0,-3.94702432611337,-1.47106689171484,0,-3.94702432611337,-1.47106689171484,0,-4.37792099911615,-0.102992052749372,0,-4.37792099911615,-0.102992052749372,0,0.07700746230974,-0.006868182966945,0,0.07700746230974,-0.006868182966945,0,0.071136735106667,-0.011519538077876,0,0.071136735106667,-0.011519538077876
0.378571428571429,0,0.652724864163196,-1.42193421506191,0,0.652724864163196,-1.42193421506191,0,0.540505107767232,-1.25844091537612,0,0.540505107767232,-1.25844091537612,0,-3.66467197690878,-1.79067236711419,0,-3.66467197690878,-1.79067236711419,0,-4.10352987556021,-0.464065147136043,0,-4.10352987556021,-0.464065147136043,0,0.093227909440534,-0.001653950133177,0,0.093227909440534,-0.001653950133177,0,0.091230741493206,-0.0068706374941,0,0.091230741493206,-0.0068706374941
0.385714285714286,0,0.629115196394231,-1.43668310664498,0,0.629115196394231,-1.43668310664498,0,0.51379019780764,-1.26423936576125,0,0.51379019780764,-1.26423936576125,0,-3.33908158446798,-2.08591466674958,0,-3.33908158446798,-2.08591466674958,0,-3.778251551428,-0.820066554467249,0,-3.778251551428,-0.820066554467249,0,0.109009295649853,0.003522256620982,0,0.109009295649853,0.003522256620982,0,0.111060266306925,-0.002202563857025,0,0.111060266306925,-0.002202563857025
0.392857142857143,0,0.608113868913746,-1.45334791864538,0,0.608113868913746,-1.45334791864538,0,0.489735500875627,-1.27251981073707,0,0.489735500875627,-1.27251981073707,0,-2.97018774366854,-2.35688055434145,0,-2.97018774366854,-2.35688055434145,0,-3.40202142324182,-1.17109150372343,0,-3.40202142324182,-1.17109150372343,0,0.124257190436024,0.008604542313156,0,0.124257190436024,0.008604542313156,0,0.130548650610432,0.002425216014773,0,0.130548650610432,0.002425216014773
0.4,0,0.590027581957553,-1.47175761235615,0,0.590027581957553,-1.47175761235615,0,0.468701805413255,-1.28324775042465,0,0.468701805413255,-1.28324775042465,0,-2.55791772666154,-2.60365668195229,0,-2.55791772666154,-2.60365668195229,0,-2.9747655011069,-1.51723718438688,0,-2.9747655011069,-1.51723718438688,0,0.138885744487111,0.013532537435251,0,0.138885744487111,0.013532537435251,0,0.149622447751899,0.006946238090141,0,0.149622447751899,0.006946238090141
0.407142857142857,0,0.575163598633354,-1.49174172545766,0,0.575163598633354,-1.49174172545766,0,0.451050490550247,-1.29638939332848,0,0.451050490550247,-1.29638939332848,0,-2.10219192727966,-2.82632456721351,0,-2.10219192727966,-2.82632456721351,0,-2.4964002449111,-1.85860378211238,0,-2.4964002449111,-1.85860378211238,0,0.152825498935967,0.018247025853729,0,0.152825498935967,0.018247025853729,0,0.168210221520348,0.011286030505765,0,0.168210221520348,0.011286030505765
0.414285714285714,0,0.563829791537457,-1.51312961275794,0,0.563829791537457,-1.51312961275794,0,0.437143595277267,-1.31191168570107,0,0.437143595277267,-1.31191168570107,0,-1.6029241464197,-3.02485834675351,0,-1.6029241464197,-3.02485834675351,0,-1.96683233146431,-2.19529563555215,0,-1.96683233146431,-2.19529563555215,0,0.166002824888759,0.022671404449493,0,0.166002824888759,0.022671404449493,0,0.186241573995428,0.015361252213435,0,0.186241573995428,0.015361252213435
0.421428571428571,0,0.556334685913118,-1.53575130930155,0,0.556334685913118,-1.53575130930155,0,0.427343887923116,-1.32978235098967,0,0.427343887923116,-1.32978235098967,0,-1.06002208115653,-3.19935422545286,0,-1.06002208115653,-3.19935422545286,0,-1.38595861151567,-2.52742266224556,0,-1.38595861151567,-2.52742266224556,0,0.178365946304195,0.026731511880415,0,0.178365946304195,0.026731511880415,0,0.20364589276498,0.019078622900544,0,0.20364589276498,0.019078622900544
0.428571428571429,0,0.552987501389204,-1.5594375742691,0,0.552987501389204,-1.5594375742691,0,0.422014936889852,-1.34996994059888,0,0.422014936889852,-1.34996994059888,0,-0.473387525525012,-3.34991461683976,0,-0.473387525525012,-3.34991461683976,0,-0.753665931847338,-2.85510195901594,0,-0.753665931847338,-2.85510195901594,0,0.189878047048034,0.030349310152602,0,0.189878047048034,0.030349310152602,0,0.220351681923699,0.022334244824619,0,0.220351681923699,0.022334244824619
0.435714285714286,0,0.554098192257023,-1.58401994758663,0,0.554098192257023,-1.58401994758663,0,0.421521182055348,-1.37244389835582,0,0.421521182055348,-1.37244389835582,0,0.157083422734432,-3.47664994062164,0,0.157083422734432,-3.47664994062164,0,-0.069831040879843,-3.17845973991053,0,-0.069831040879843,-3.17845973991053,0,0.200518808409362,0.033443231741497,0,0.200518808409362,0.033443231741497,0,0.236285884494764,0.02501305910217,0,0.236285884494764,0.02501305910217
0.442857142857143,0,0.55997748654792,-1.60933082313745,0,0.55997748654792,-1.60933082313745,0,0.426228006358317,-1.39717464143982,0,0.426228006358317,-1.39717464143982,0,0.831500192569656,-3.57968097075925,0,0.831500192569656,-3.57968097075925,0,0.665679437134149,-3.49763366473754,0,0.665679437134149,-3.49763366473754,0,0.210285773719211,0.035928539486743,0,0.210285773719211,0.035928539486743,0,0.251373319740235,0.026988584228687,0,0.251373319740235,0.026988584228687
0.45,0,0.570936923973024,-1.63520354157669,0,0.570936923973024,-1.63520354157669,0,0.436501806754798,-1.42413366118691,0,0.436501806754798,-1.42413366118691,0,1.54997757869336,-3.65914160783525,0,1.54997757869336,-3.65914160783525,0,1.45300891321667,-3.81277564994538,0,1.45300891321667,-3.81277564994538,0,0.219195259935801,0.037717611521044,0,0.219195259935801,0.037717611521044,0,0.265535758895468,0.028122936399971,0,0.265535758895468,0.028122936399971
0.457142857142857,0,0.587288886987184,-1.66147250722115,0,0.587288886987184,-1.66147250722115,0,0.452710054256777,-1.45329364845901,0,0.452710054256777,-1.45329364845901,0,2.31263476914551,-3.715182284002,0,2.31263476914551,-3.715182284002,0,2.29230928956546,-4.12405534276804,0,2.29230928956546,-4.12405534276804,0,0.227216743980922,0.038712214023322,0,0.227216743980922,0.038712214023322,0,0.278605356267081,0.028258850575791,0,0.278605356267081,0.028258850575791
0.464285714285714,0,0.609344855518805,-1.68797268744297,0,0.609344855518805,-1.68797268744297,0,0.475219354533601,-1.4846278401234,0,0.475219354533601,-1.4846278401234,0,3.11934412090062,-3.74788263137236,0,3.11934412090062,-3.74788263137236,0,3.18345818200799,-4.43154996396343,0,3.18345818200799,-4.43154996396343,0,-4.53223682829091,11.9912008284889,0,-4.53223682829091,11.9912008284889,0,-4.31000384367081,11.5111063664398,0,-4.31000384367081,11.5111063664398
0.471428571428571,0,0.638341793456804,-1.71450979232543,0,0.638341793456804,-1.71450979232543,0,0.504960357077164,-1.51789062465545,0,0.504960357077164,-1.51789062465545,0,4.10099550837417,-3.7531048333768,0,4.10099550837417,-3.7531048333768,0,4.20622750258967,-4.70430809810542,0,4.20622750258967,-4.70430809810542,0,5.12761991360351,5.87212148812703,0,5.12761991360351,5.87212148812703,0,-2.60523984737818,4.66006863512479,0,-2.60523984737818,4.66006863512479
0.478571428571429,0,0.672964346252438,-1.74145665810764,0,0.672964346252438,-1.74145665810764,0,0.540639779177563,-1.55422097196349,0,0.540639779177563,-1.55422097196349,0,4.8966181810969,-3.81105673205476,0,4.8966181810969,-3.81105673205476,0,5.04608969705645,-5.1381491192792,0,5.04608969705645,-5.1381491192792,0,-0.354003093968851,0.847437709271907,0,-0.354003093968851,0.847437709271907,0,-0.89621596002259,1.50824982122808,0,-0.89621596002259,1.50824982122808
0.485714285714286,0,0.706785375009908,-1.76752089142492,0,0.706785375009908,-1.76752089142492,0,0.575246321005576,-1.58884730250518,0,0.575246321005576,-1.58884730250518,0,4.78325978141362,-3.68622728344348,0,4.78325978141362,-3.68622728344348,0,4.89435377281903,-4.89715246232424,0,4.89435377281903,-4.89715246232424,0,-0.384059534580615,0.822843246871182,0,-0.384059534580615,0.822843246871182,0,-0.986386439543395,1.55273412729874,0,-0.986386439543395,1.55273412729874
0.492857142857143,0,0.739791556467679,-1.79277473386112,0,0.739791556467679,-1.79277473386112,0,0.608779031057755,-1.62187036558805,0,0.608779031057755,-1.62187036558805,0,4.66801709188466,-3.57161485883494,0,4.66801709188466,-3.57161485883494,0,4.74248327880807,-4.67040463600715,0,4.74248327880807,-4.67040463600715,0,-0.39942969167722,0.801864962283085,0,-0.39942969167722,0.801864962283085,0,-1.06994336767899,1.58682682553535,0,-1.06994336767899,1.58682682553535
0.5,0,0.771991906278652,-1.81731460053905,0,0.771991906278652,-1.81731460053905,0,0.641248392711099,-1.65339486299682,0,0.641248392711099,-1.65339486299682,0,4.55404947326621,-3.47063828730692,0,4.55404947326621,-3.47063828730692,0,4.59209543383018,-4.45846463352575,0,4.59209543383018,-4.45846463352575,0,-0.411516967955118,0.781730602042768,0,-0.411516967955118,0.781730602042768,0,-1.14921312130814,1.61620589965581,0,-1.14921312130814,1.61620589965581
0.507142857142857,0,0.803396194490433,-1.84123749642195,0,0.803396194490433,-1.84123749642195,0,0.672661825804155,-1.68352346552649,0,0.672661825804155,-1.68352346552649,0,4.44146361852326,-3.38338098915264,0,4.44146361852326,-3.38338098915264,0,4.44275696601783,-4.26104521490971,0,4.44275696601783,-4.26104521490971,0,-0.421994690225004,0.764043841591664,0,-0.421994690225004,0.764043841591664,0,-1.22353354943846,1.64122141550002,0,-1.22353354943846,1.64122141550002
0.514285714285714,0,0.834004710590651,-1.86462961377302,0,0.834004710590651,-1.86462961377302,0,0.703020442544346,-1.71236202210142,0,0.703020442544346,-1.71236202210142,0,4.32891870560238,-3.30831373965139,0,4.32891870560238,-3.30831373965139,0,4.29357579611276,-4.07859585845455,0,4.29357579611276,-4.07859585845455,0,-0.428862870588145,0.746257973960802,0,-0.428862870588145,0.746257973960802,0,-1.29281582945068,1.66254578908091,0,-1.29281582945068,1.66254578908091
0.521428571428571,0,0.863827716198558,-1.88758679251752,0,0.863827716198558,-1.88758679251752,0,0.73232643565707,-1.74000840777669,0,0.73232643565707,-1.74000840777669,0,4.21782507883257,-3.24680099386567,0,4.21782507883257,-3.24680099386567,0,4.14470474022804,-3.9099888312171,0,4.14470474022804,-3.9099888312171,0,-0.433440115327919,0.729950987921784,0,-0.433440115327919,0.729950987921784,0,-1.3572931389941,1.68141443437204,0,-1.3572931389941,1.68141443437204
0.528571428571429,0,0.892877190877583,-1.91020425786406,0,0.892877190877583,-1.91020425786406,0,0.760579340192648,-1.76655361777296,0,0.760579340192648,-1.76655361777296,0,4.10842570460486,-3.19875581329567,0,4.10842570460486,-3.19875581329567,0,3.99576792717469,-3.75425112804382,0,3.99576792717469,-3.75425112804382,0,-0.436570149480144,0.715663894388366,0,-0.436570149480144,0.715663894388366,0,-1.41579949762252,1.69726219422055,0,-1.41579949762252,1.69726219422055
0.535714285714286,0,0.921161855679316,-1.93257197805499,0,0.921161855679316,-1.93257197805499,0,0.787775631534092,-1.7920876686749,0,0.787775631534092,-1.7920876686749,0,4.00025973624517,-3.16343471271739,0,4.00025973624517,-3.16343471271739,0,3.84633263257566,-3.61124434184544,0,3.84633263257566,-3.61124434184544,0,-0.440384409398488,0.704906642610405,0,-0.440384409398488,0.704906642610405,0,-1.46724331109345,1.70974643563819,0,-1.46724331109345,1.70974643563819
0.542857142857143,0,0.948673052497356,-1.9547615511528,0,0.948673052497356,-1.9547615511528,0,0.813905018658058,-1.81670874016392,0,0.813905018658058,-1.81670874016392,0,3.89086926426558,-3.13823962383311,0,3.89086926426558,-3.13823962383311,0,3.69544189324662,-3.48212296773363,0,3.69544189324662,-3.48212296773363,0,-0.441941573451849,0.695665628775283,0,-0.441941573451849,0.695665628775283,0,-1.51552015013226,1.72378523370398,0,-1.51552015013226,1.72378523370398
0.55,0,0.975409447020067,-1.97684858263549,0,0.975409447020067,-1.97684858263549,0,0.838954384470435,-1.84049443064795,0,0.838954384470435,-1.84049443064795,0,3.78129008249777,-3.12373730969538,0,3.78129008249777,-3.12373730969538,0,3.54269602203618,-3.36397622559799,0,3.54269602203618,-3.36397622559799,0,-0.441731530686232,0.687855429714133,0,-0.441731530686232,0.687855429714133,0,-1.55854396200233,1.73747469859451,0,-1.55854396200233,1.73747469859451
0.557142857142857,0,1.00137380961456,-1.99891071842749,0,1.00137380961456,-1.99891071842749,0,0.862909106998951,-1.86351167905314,0,0.862909106998951,-1.86351167905314,0,3.67210270979316,-3.12021634772499,0,3.67210270979316,-3.12021634772499,0,3.3878821861758,-3.25529656016248,0,3.3878821861758,-3.25529656016248,0,-0.440439537930652,0.681555487567344,0,-0.440439537930652,0.681555487567344,0,-1.5943422709516,1.74936234975812,0,-1.5943422709516,1.74936234975812
0.564285714285714,0,1.02656896235138,-2.0210247266412,0,1.02656896235138,-2.0210247266412,0,0.885753792910663,-1.88582481910485,0,0.885753792910663,-1.88582481910485,0,3.56331445849277,-3.12755259022535,0,3.56331445849277,-3.12755259022535,0,3.2308912932279,-3.15571552159955,0,3.2308912932279,-3.15571552159955,0,-0.437946242330916,0.676790267336656,0,-0.437946242330916,0.676790267336656,0,-1.62285646748638,1.75954612719119,0,-1.62285646748638,1.75954612719119
0.571428571428571,0,1.05099790350069,-2.04326678637764,0,1.05099790350069,-2.04326678637764,0,0.907472569646704,-1.90749536130169,0,0.907472569646704,-1.90749536130169,0,3.45495024825914,-3.14566273415323,0,3.45495024825914,-3.14566273415323,0,3.07165556695428,-3.06483382498159,0,3.07165556695428,-3.06483382498159,0,-0.434292965606552,0.673574471214828,0,-0.434292965606552,0.673574471214828,0,-1.64378556483834,1.76817830342326,0,-1.64378556483834,1.76817830342326
0.578571428571429,0,1.07466370489336,-2.06571255771915,0,1.07466370489336,-2.06571255771915,0,0.928049338209756,-1.92858189383822,0,0.928049338209756,-1.92858189383822,0,3.34702048267786,-3.17447337544213,0,3.34702048267786,-3.17447337544213,0,2.91014298248876,-2.98223817302306,0,2.91014298248876,-2.98223817302306,0,-0.429456566306225,0.671912906607345,0,-0.429456566306225,0.671912906607345,0,-1.65691846175254,1.77536793485799,0,-1.65691846175254,1.77536793485799
0.585714285714286,0,1.09756941280112,-2.08843734579164,0,1.09756941280112,-2.08843734579164,0,0.9474680278268,-1.9491399512323,0,0.9474680278268,-1.9491399512323,0,3.23952154695442,-3.21393431310902,0,3.23952154695442,-3.21393431310902,0,2.7463575315535,-2.90749668859174,0,2.7463575315535,-2.90749668859174,0,-0.423356868812134,0.671806912269356,0,-0.423356868812134,0.671806912269356,0,-1.66208345358126,1.78117146529804,0,-1.66208345358126,1.78117146529804
0.592857142857143,0,1.11971797310903,-2.111516365436,0,1.11971797310903,-2.111516365436,0,0.965712895483687,-1.96922189155256,0,0.965712895483687,-1.96922189155256,0,3.13243924354711,-3.26403277827455,0,3.13243924354711,-3.26403277827455,0,2.58034556861688,-2.84016013100805,0,2.58034556861688,-2.84016013100805,0,-0.415847174637365,0.673256404703923,0,-0.415847174637365,0.673256404703923,0,-1.65914613917221,1.78558000021417,0,-1.65914613917221,1.78558000021417
0.6,0,1.14111220734596,-2.1350251304972,0,1.14111220734596,-2.1350251304972,0,0.982768901740345,-1.98887678916415,0,0.982768901740345,-1.98887678916415,0,3.02575598493739,-3.32481105865523,0,3.02575598493739,-3.32481105865523,0,2.41220659915592,-2.77976409078177,0,2.41220659915592,-2.77976409078177,0,-0.4066932206314,0.676264750747509,0,-0.4066932206314,0.676264750747509,0,-1.64800141177026,1.78849781110228,0,-1.64800141177026,1.78849781110228
0.607142857142857,0,1.16175490142081,-2.15904001542784,0,1.16175490142081,-2.15904001542784,0,0.998622221200647,-2.00815035521636,0,0.998622221200647,-2.00815035521636,0,2.91946673344368,-3.39639086876121,0,2.91946673344368,-3.39639086876121,0,2.24211232367129,-2.72583291309787,0,2.24211232367129,-2.72583291309787,0,-0.395523853435334,0.680852552379166,0,-0.395523853435334,0.680852552379166,0,-1.62855043257722,1.78970015594878,0,-1.62855043257722,1.78970015594878
0.614285714285714,0,1.18164915951401,-2.18363909070664,0,1.18164915951401,-2.18363909070664,0,1.01326100914441,-2.02708490945924,0,1.01326100914441,-2.02708490945924,0,2.81361650175277,-3.47901207514469,0,2.81361650175277,-3.47901207514469,0,2.0703428663327,-2.67788695720754,0,2.0703428663327,-2.67788695720754,0,-0.38168910107433,0.68710428095631,0,-0.38168910107433,0.68710428095631,0,-1.60062956257515,1.78872472562632,0,-1.60062956257515,1.78872472562632
0.621428571428571,0,1.20079947402684,-2.20890350116697,0,1.20079947402684,-2.20890350116697,0,1.02667674247126,-2.04571946282233,0,1.02667674247126,-2.04571946282233,0,2.70840162395669,-3.57310947938946,0,2.70840162395669,-3.57310947938946,0,1.8973679990825,-2.63545826135196,0,1.8973679990825,-2.63545826135196,0,-0.36387764737693,0.695324986494891,0,-0.36387764737693,0.695324986494891,0,-1.56365625562068,1.78456041514296,0,-1.56365625562068,1.78456041514296
0.628571428571429,0,1.21921491336348,-2.23492011719228,0,1.21921491336348,-2.23492011719228,0,1.03886712461284,-2.06409017548067,0,1.03886712461284,-2.06409017548067,0,2.60446927760996,-3.67949283786613,0,2.60446927760996,-3.67949283786613,0,1.7240683314516,-2.59814364739313,0,1.7240683314516,-2.59814364739313,0,-0.337703853642827,0.707382322704295,0,-0.337703853642827,0.707382322704295,0,-1.51524527949083,1.7742593891116,0,-1.51524527949083,1.7742593891116
0.635714285714286,0,1.23692183167514,-2.26178875788059,0,1.23692183167514,-2.26178875788059,0,1.04984537353085,-2.08223150148299,0,1.04984537353085,-2.08223150148299,0,2.50426416122164,-3.79999346877515,0,2.50426416122164,-3.79999346877515,0,1.55263806126198,-2.56570182032909,0,1.55263806126198,-2.56570182032909,0,0.829986873323813,2.64450157083358,0,0.829986873323813,2.64450157083358,0,-1.51594343673035,1.8481534837655,0,-1.51594343673035,1.8481534837655
0.642857142857143,0,1.25335287450221,-2.28705205167654,0,1.25335287450221,-2.28705205167654,0,1.05995055500546,-2.09949898799442,0,1.05995055500546,-2.09949898799442,0,2.32381891411409,-3.57295155114056,0,2.32381891411409,-3.57295155114056,0,1.42916137998008,-2.44211594947263,0,1.42916137998008,-2.44211594947263,0,0.816505996374072,2.68502625639743,0,0.816505996374072,2.68502625639743,0,-1.49540664794034,1.8792595184665,0,-1.49540664794034,1.8792595184665
0.65,0,1.26845719056101,-2.31067446876765,0,1.26845719056101,-2.31067446876765,0,1.0691794025733,-2.11589262574379,0,1.0691794025733,-2.11589262574379,0,2.13618184260144,-3.34088470288607,0,2.13618184260144,-3.34088470288607,0,1.30522272745191,-2.31852876741076,0,1.30522272745191,-2.31852876741076,0,0.794588798560397,2.69853431348024,0,0.794588798560397,2.69853431348024,0,-1.47293982789314,1.90576767970229,0,-1.47293982789314,1.90576767970229
0.657142857142857,0,1.28221798573692,-2.33267071781128,0,1.28221798573692,-2.33267071781128,0,1.07753701148621,-2.13141504544841,0,1.07753701148621,-2.13141504544841,0,1.94616960345029,-3.11089807902753,0,1.94616960345029,-3.11089807902753,0,1.18200468911185,-2.19531364394032,0,1.18200468911185,-2.19531364394032,0,0.772636804851546,2.70621370808413,0,0.772636804851546,2.70621370808413,0,-1.45045966684663,1.93055279568876,0,-1.45045966684663,1.93055279568876
0.664285714285714,0,1.29462572037017,-2.35306356050073,0,1.29462572037017,-2.35306356050073,0,1.08503048687557,-2.14606805068984,0,1.08503048687557,-2.14606805068984,0,1.75480818384546,-2.88413060893663,0,1.75480818384546,-2.88413060893663,0,1.05979151935212,-2.07235359842974,0,1.05979151935212,-2.07235359842974,0,0.750933960603659,2.70755944248012,0,0.750933960603659,2.70755944248012,0,-1.42897265392749,1.95476307679256,0,-1.42897265392749,1.95476307679256
0.671428571428571,0,1.30568208359532,-2.37188671306211,0,1.30568208359532,-2.37188671306211,0,1.09166842471247,-2.15984798108331,0,1.09166842471247,-2.15984798108331,0,1.56368565612728,-2.66213157653841,0,1.56368565612728,-2.66213157653841,0,0.938794065503954,-1.94887586993465,0,0.938794065503954,-1.94887586993465,0,0.730258546601202,2.70574935233463,0,0.730258546601202,2.70574935233463,0,-1.40816331949843,1.97807170071335,0,-1.40816331949843,1.97807170071335
0.678571428571429,0,1.3153933819474,-2.38917691859439,0,1.3153933819474,-2.38917691859439,0,1.0974597789266,-2.17274884118755,0,1.0974597789266,-2.17274884118755,0,1.37345505265241,-2.44532906813619,0,1.37345505265241,-2.44532906813619,0,0.819062953141796,-1.8245502147423,0,0.819062953141796,-1.8245502147423,0,0.712595825561666,2.70717275577498,0,0.712595825561666,2.70717275577498,0,-1.38696917221288,1.99918096576265,0,-1.38696917221288,1.99918096576265
0.685714285714286,0,1.32375976474341,-2.40495967990812,0,1.32375976474341,-2.40495967990812,0,1.10241368167774,-2.18476898572719,0,1.10241368167774,-2.18476898572719,0,1.18324556686439,-2.23213338579938,0,1.18324556686439,-2.23213338579938,0,0.700623389089174,-1.6999918706054,0,0.700623389089174,-1.6999918706054,0,0.695562794325609,2.70176189717804,0,0.695562794325609,2.70176189717804,0,-1.36648863672884,2.02019212047628,0,-1.36648863672884,2.02019212047628
0.692857142857143,0,1.33079940491835,-2.41927557370587,0,1.33079940491835,-2.41927557370587,0,1.10654203932344,-2.19589859152507,0,1.10654203932344,-2.19589859152507,0,0.995606253312885,-2.02467640853869,0,0.995606253312885,-2.02467640853869,0,0.583867724177804,-1.5740442485581,0,0.583867724177804,-1.5740442485581,0,0.683139524760141,2.7058575930979,0,0.683139524760141,2.7058575930979,0,-1.3458870875415,2.03967333188177,0,-1.3458870875415,2.03967333188177
0.7,0,1.33651545493325,-2.43214057981191,0,1.33651545493325,-2.43214057981191,0,1.1098552547333,-2.20613329643363,0,1.1098552547333,-2.20613329643363,0,0.808412787820842,-1.81947943499767,0,0.808412787820842,-1.81947943499767,0,0.468583322251254,-1.44747969420985,0,0.468583322251254,-1.44747969420985,0,1.22936490738586,5.33700230959079,0,1.22936490738586,5.33700230959079,0,1.61572225543731,3.73189550287684,0,1.61572225543731,3.73189550287684
